DOI,BNN_Only_Stereo,Reaxys_Only_Stereo
acs.oprd.2c00146,"{('C[C@@H]1OC(O)[C@@H](O)[C@H](O)[C@@H]1O', 7, (5, 8, 9), 'Specified', 'Tet_CCW', 'Atom_Tetrahedral', ('CIP', 'R')), ('C[C@@H]1OC(O)[C@@H](O)[C@H](O)[C@@H]1O', 5, (3, 6, 7), 'Specified', 'Tet_CW', 'Atom_Tetrahedral', ('CIP', 'S')), ('C[C@@H]1OC(O)[C@@H](O)[C@H](O)[C@@H]1O', 9, (1, 7, 10), 'Specified', 'Tet_CCW', 'Atom_Tetrahedral', ('CIP', 'S')), ('C[C@@H]1OC(O)[C@@H](O)[C@H](O)[C@@H]1O', 1, (0, 2, 9), 'Specified', 'Tet_CCW', 'Atom_Tetrahedral', ('CIP', 'S')), ('C[C@@H]1OC(O)[C@@H](O)[C@H](O)[C@@H]1O', 3, (2, 4, 5), 'Unspecified', 'NoValue', 'Atom_Tetrahedral', ('CIP', None))}","{('C[C@@H]1OC(O)[C@H](O)[C@H](O)[C@@H]1O', 1, (0, 2, 9), 'Specified', 'Tet_CCW', 'Atom_Tetrahedral', ('CIP', 'S')), ('C[C@@H]1OC(O)[C@H](O)[C@H](O)[C@@H]1O', 9, (1, 7, 10), 'Specified', 'Tet_CCW', 'Atom_Tetrahedral', ('CIP', 'S')), ('C[C@@H]1OC(O)[C@H](O)[C@H](O)[C@@H]1O', 3, (2, 4, 5), 'Unspecified', 'NoValue', 'Atom_Tetrahedral', ('CIP', None)), ('C[C@@H]1OC(O)[C@H](O)[C@H](O)[C@@H]1O', 7, (5, 8, 9), 'Specified', 'Tet_CCW', 'Atom_Tetrahedral', ('CIP', 'R')), ('C[C@@H]1OC(O)[C@H](O)[C@H](O)[C@@H]1O', 5, (3, 6, 7), 'Specified', 'Tet_CCW', 'Atom_Tetrahedral', ('CIP', 'R'))}"
acs.oprd.7b00046,"{('O=C(O)[C@H]1c2ccccc2C(=O)N(CC(F)(F)F)[C@@H]1c1cccnc1', 3, (1, 4, 18), 'Specified', 'Tet_CW', 'Atom_Tetrahedral', ('CIP', 'S')), ('O=C(O)[C@H]1c2ccccc2C(=O)N(CC(F)(F)F)[C@@H]1c1cccnc1', 18, (3, 12, 19), 'Specified', 'Tet_CCW', 'Atom_Tetrahedral', ('CIP', 'S'))}","{('O=C(O)[C@@H]1c2ccccc2C(=O)N(CC(F)(F)F)[C@H]1c1cccnc1', 18, (3, 12, 19), 'Specified', 'Tet_CW', 'Atom_Tetrahedral', ('CIP', 'R')), ('O=C(O)[C@@H]1c2ccccc2C(=O)N(CC(F)(F)F)[C@H]1c1cccnc1', 3, (1, 4, 18), 'Specified', 'Tet_CCW', 'Atom_Tetrahedral', ('CIP', 'R'))}"
acs.oprd.7b00046,"{('N#Cc1cc(NC(=O)[C@H]2c3ccccc3C(=O)N(CC(F)(F)F)[C@@H]2c2cccnc2)ccc1F', 23, (8, 17, 24), 'Specified', 'Tet_CCW', 'Atom_Tetrahedral', ('CIP', 'S')), ('N#Cc1cc(NC(=O)[C@H]2c3ccccc3C(=O)N(CC(F)(F)F)[C@@H]2c2cccnc2)ccc1F', 8, (6, 9, 23), 'Specified', 'Tet_CW', 'Atom_Tetrahedral', ('CIP', 'S'))}","{('N#Cc1cc(NC(=O)[C@@H]2c3ccccc3C(=O)N(CC(F)(F)F)[C@H]2c2cccnc2)ccc1F', 23, (8, 17, 24), 'Specified', 'Tet_CW', 'Atom_Tetrahedral', ('CIP', 'R')), ('N#Cc1cc(NC(=O)[C@@H]2c3ccccc3C(=O)N(CC(F)(F)F)[C@H]2c2cccnc2)ccc1F', 8, (6, 9, 23), 'Specified', 'Tet_CCW', 'Atom_Tetrahedral', ('CIP', 'R'))}"
acs.oprd.7b00046,"{('COc1ccc(NC(=O)[C@H]2c3ccccc3C(=O)N(CC(C)C)[C@@H]2c2cccs2)cc1Cl', 9, (7, 10, 23), 'Specified', 'Tet_CW', 'Atom_Tetrahedral', ('CIP', 'S')), ('COc1ccc(NC(=O)[C@H]2c3ccccc3C(=O)N(CC(C)C)[C@@H]2c2cccs2)cc1Cl', 23, (9, 18, 24), 'Specified', 'Tet_CCW', 'Atom_Tetrahedral', ('CIP', 'S'))}","{('COc1ccc(NC(=O)[C@@H]2c3ccccc3C(=O)N(CC(C)C)[C@H]2c2cccs2)cc1Cl', 9, (7, 10, 23), 'Specified', 'Tet_CCW', 'Atom_Tetrahedral', ('CIP', 'R')), ('COc1ccc(NC(=O)[C@@H]2c3ccccc3C(=O)N(CC(C)C)[C@H]2c2cccs2)cc1Cl', 23, (9, 18, 24), 'Specified', 'Tet_CW', 'Atom_Tetrahedral', ('CIP', 'R'))}"
acs.oprd.7b00046,"{('N#Cc1cc(NC(=O)[C@H]2c3ccccc3C(=O)N(CC(F)(F)F)[C@@H]2c2cn[nH]c2)ccc1F', 8, (6, 9, 23), 'Specified', 'Tet_CW', 'Atom_Tetrahedral', ('CIP', 'S')), ('N#Cc1cc(NC(=O)[C@H]2c3ccccc3C(=O)N(CC(F)(F)F)[C@@H]2c2cn[nH]c2)ccc1F', 23, (8, 17, 24), 'Specified', 'Tet_CCW', 'Atom_Tetrahedral', ('CIP', 'S'))}","{('N#Cc1cc(NC(=O)[C@@H]2c3ccccc3C(=O)N(CC(F)(F)F)[C@H]2c2cn[nH]c2)ccc1F', 23, (8, 17, 24), 'Specified', 'Tet_CW', 'Atom_Tetrahedral', ('CIP', 'R')), ('N#Cc1cc(NC(=O)[C@@H]2c3ccccc3C(=O)N(CC(F)(F)F)[C@H]2c2cn[nH]c2)ccc1F', 8, (6, 9, 23), 'Specified', 'Tet_CCW', 'Atom_Tetrahedral', ('CIP', 'R'))}"
acs.oprd.7b00046,"{('COc1cc(OC)c(NC(=O)[C@H]2c3ccccc3C(=O)N(CC(C)C)[C@@H]2c2cccs2)cc1Cl', 11, (9, 12, 25), 'Specified', 'Tet_CW', 'Atom_Tetrahedral', ('CIP', 'S')), ('COc1cc(OC)c(NC(=O)[C@H]2c3ccccc3C(=O)N(CC(C)C)[C@@H]2c2cccs2)cc1Cl', 25, (11, 20, 26), 'Specified', 'Tet_CCW', 'Atom_Tetrahedral', ('CIP', 'S'))}","{('COc1cc(OC)c(NC(=O)[C@@H]2c3ccccc3C(=O)N(CC(C)C)[C@H]2c2cccs2)cc1Cl', 11, (9, 12, 25), 'Specified', 'Tet_CCW', 'Atom_Tetrahedral', ('CIP', 'R')), ('COc1cc(OC)c(NC(=O)[C@@H]2c3ccccc3C(=O)N(CC(C)C)[C@H]2c2cccs2)cc1Cl', 25, (11, 20, 26), 'Specified', 'Tet_CW', 'Atom_Tetrahedral', ('CIP', 'R'))}"
op5001226,"{('CCC(=O)O[C@]1(C(=O)SCC(=O)O)[C@H](C)CC2C3C[C@H](F)C4=CC(=O)C=C[C@]4(C)[C@@]3(F)[C@@H](O)C[C@@]21C', 31, (29, 32, 33), 'Specified', 'Tet_CW', 'Atom_Tetrahedral', ('CIP', 'S')), ('CCC(=O)O[C@]1(C(=O)SCC(=O)O)[C@H](C)CC2C3C[C@H](F)C4=CC(=O)C=C[C@]4(C)[C@@]3(F)[C@@H](O)C[C@@]21C', 16, (15, 17, 34), 'Unspecified', 'Fused ring', 'Atom_Tetrahedral', ('CIP', None)), ('CCC(=O)O[C@]1(C(=O)SCC(=O)O)[C@H](C)CC2C3C[C@H](F)C4=CC(=O)C=C[C@]4(C)[C@@]3(F)[C@@H](O)C[C@@]21C', 5, (4, 6, 13, 34), 'Specified', 'Tet_CCW', 'Atom_Tetrahedral', ('CIP', 'R')), ('CCC(=O)O[C@]1(C(=O)SCC(=O)O)[C@H](C)CC2C3C[C@H](F)C4=CC(=O)C=C[C@]4(C)[C@@]3(F)[C@@H](O)C[C@@]21C', 34, (5, 16, 33, 35), 'Specified', 'Tet_CCW', 'Atom_Tetrahedral', ('CIP', 'S')), ('CCC(=O)O[C@]1(C(=O)SCC(=O)O)[C@H](C)CC2C3C[C@H](F)C4=CC(=O)C=C[C@]4(C)[C@@]3(F)[C@@H](O)C[C@@]21C', 29, (17, 27, 30, 31), 'Specified', 'Tet_CCW', 'Atom_Tetrahedral', ('CIP', 'R')), ('CCC(=O)O[C@]1(C(=O)SCC(=O)O)[C@H](C)CC2C3C[C@H](F)C4=CC(=O)C=C[C@]4(C)[C@@]3(F)[C@@H](O)C[C@@]21C', 17, (16, 18, 29), 'Unspecified', 'Fused ring', 'Atom_Tetrahedral', ('CIP', None)), ('CCC(=O)O[C@]1(C(=O)SCC(=O)O)[C@H](C)CC2C3C[C@H](F)C4=CC(=O)C=C[C@]4(C)[C@@]3(F)[C@@H](O)C[C@@]21C', 27, (21, 26, 28, 29), 'Specified', 'Tet_CW', 'Atom_Tetrahedral', ('CIP', 'S')), ('CCC(=O)O[C@]1(C(=O)SCC(=O)O)[C@H](C)CC2C3C[C@H](F)C4=CC(=O)C=C[C@]4(C)[C@@]3(F)[C@@H](O)C[C@@]21C', 19, (18, 20, 21), 'Specified', 'Tet_CCW', 'Atom_Tetrahedral', ('CIP', 'S')), ('CCC(=O)O[C@]1(C(=O)SCC(=O)O)[C@H](C)CC2C3C[C@H](F)C4=CC(=O)C=C[C@]4(C)[C@@]3(F)[C@@H](O)C[C@@]21C', 13, (5, 14, 15), 'Specified', 'Tet_CCW', 'Atom_Tetrahedral', ('CIP', 'R'))}","{('CCC(=O)O[C@]1(C(=O)SCC(=O)O)[C@H](C)C[C@H]2[C@@H]3C[C@H](F)C4=CC(=O)C=C[C@]4(C)[C@@]3(F)[C@@H](O)C[C@@]21C', 5, (4, 6, 13, 34), 'Specified', 'Tet_CCW', 'Atom_Tetrahedral', ('CIP', 'R')), ('CCC(=O)O[C@]1(C(=O)SCC(=O)O)[C@H](C)C[C@H]2[C@@H]3C[C@H](F)C4=CC(=O)C=C[C@]4(C)[C@@]3(F)[C@@H](O)C[C@@]21C', 13, (5, 14, 15), 'Specified', 'Tet_CCW', 'Atom_Tetrahedral', ('CIP', 'R')), ('CCC(=O)O[C@]1(C(=O)SCC(=O)O)[C@H](C)C[C@H]2[C@@H]3C[C@H](F)C4=CC(=O)C=C[C@]4(C)[C@@]3(F)[C@@H](O)C[C@@]21C', 19, (18, 20, 21), 'Specified', 'Tet_CCW', 'Atom_Tetrahedral', ('CIP', 'S')), ('CCC(=O)O[C@]1(C(=O)SCC(=O)O)[C@H](C)C[C@H]2[C@@H]3C[C@H](F)C4=CC(=O)C=C[C@]4(C)[C@@]3(F)[C@@H](O)C[C@@]21C', 16, (15, 17, 34), 'Specified', 'Tet_CW', 'Atom_Tetrahedral', ('CIP', 'S')), ('CCC(=O)O[C@]1(C(=O)SCC(=O)O)[C@H](C)C[C@H]2[C@@H]3C[C@H](F)C4=CC(=O)C=C[C@]4(C)[C@@]3(F)[C@@H](O)C[C@@]21C', 29, (17, 27, 30, 31), 'Specified', 'Tet_CCW', 'Atom_Tetrahedral', ('CIP', 'R')), ('CCC(=O)O[C@]1(C(=O)SCC(=O)O)[C@H](C)C[C@H]2[C@@H]3C[C@H](F)C4=CC(=O)C=C[C@]4(C)[C@@]3(F)[C@@H](O)C[C@@]21C', 31, (29, 32, 33), 'Specified', 'Tet_CW', 'Atom_Tetrahedral', ('CIP', 'S')), ('CCC(=O)O[C@]1(C(=O)SCC(=O)O)[C@H](C)C[C@H]2[C@@H]3C[C@H](F)C4=CC(=O)C=C[C@]4(C)[C@@]3(F)[C@@H](O)C[C@@]21C', 27, (21, 26, 28, 29), 'Specified', 'Tet_CW', 'Atom_Tetrahedral', ('CIP', 'S')), ('CCC(=O)O[C@]1(C(=O)SCC(=O)O)[C@H](C)C[C@H]2[C@@H]3C[C@H](F)C4=CC(=O)C=C[C@]4(C)[C@@]3(F)[C@@H](O)C[C@@]21C', 17, (16, 18, 29), 'Specified', 'Tet_CCW', 'Atom_Tetrahedral', ('CIP', 'S')), ('CCC(=O)O[C@]1(C(=O)SCC(=O)O)[C@H](C)C[C@H]2[C@@H]3C[C@H](F)C4=CC(=O)C=C[C@]4(C)[C@@]3(F)[C@@H](O)C[C@@]21C', 34, (5, 16, 33, 35), 'Specified', 'Tet_CCW', 'Atom_Tetrahedral', ('CIP', 'S'))}"
op5001226,"{('CCC(=O)O[C@]1(C(=O)O)[C@H](C)CC2C3C[C@H](F)C4=CC(=O)C=C[C@]4(C)[C@@]3(F)[C@@H](O)C[C@@]21C', 30, (5, 12, 29, 31), 'Specified', 'Tet_CCW', 'Atom_Tetrahedral', ('CIP', 'S')), ('CCC(=O)O[C@]1(C(=O)O)[C@H](C)CC2C3C[C@H](F)C4=CC(=O)C=C[C@]4(C)[C@@]3(F)[C@@H](O)C[C@@]21C', 12, (11, 13, 30), 'Unspecified', 'Fused ring', 'Atom_Tetrahedral', ('CIP', None)), ('CCC(=O)O[C@]1(C(=O)O)[C@H](C)CC2C3C[C@H](F)C4=CC(=O)C=C[C@]4(C)[C@@]3(F)[C@@H](O)C[C@@]21C', 13, (12, 14, 25), 'Unspecified', 'Fused ring', 'Atom_Tetrahedral', ('CIP', None)), ('CCC(=O)O[C@]1(C(=O)O)[C@H](C)CC2C3C[C@H](F)C4=CC(=O)C=C[C@]4(C)[C@@]3(F)[C@@H](O)C[C@@]21C', 23, (17, 22, 24, 25), 'Specified', 'Tet_CW', 'Atom_Tetrahedral', ('CIP', 'S')), ('CCC(=O)O[C@]1(C(=O)O)[C@H](C)CC2C3C[C@H](F)C4=CC(=O)C=C[C@]4(C)[C@@]3(F)[C@@H](O)C[C@@]21C', 9, (5, 10, 11), 'Specified', 'Tet_CCW', 'Atom_Tetrahedral', ('CIP', 'R')), ('CCC(=O)O[C@]1(C(=O)O)[C@H](C)CC2C3C[C@H](F)C4=CC(=O)C=C[C@]4(C)[C@@]3(F)[C@@H](O)C[C@@]21C', 5, (4, 6, 9, 30), 'Specified', 'Tet_CCW', 'Atom_Tetrahedral', ('CIP', 'R')), ('CCC(=O)O[C@]1(C(=O)O)[C@H](C)CC2C3C[C@H](F)C4=CC(=O)C=C[C@]4(C)[C@@]3(F)[C@@H](O)C[C@@]21C', 25, (13, 23, 26, 27), 'Specified', 'Tet_CCW', 'Atom_Tetrahedral', ('CIP', 'R')), ('CCC(=O)O[C@]1(C(=O)O)[C@H](C)CC2C3C[C@H](F)C4=CC(=O)C=C[C@]4(C)[C@@]3(F)[C@@H](O)C[C@@]21C', 15, (14, 16, 17), 'Specified', 'Tet_CCW', 'Atom_Tetrahedral', ('CIP', 'S')), ('CCC(=O)O[C@]1(C(=O)O)[C@H](C)CC2C3C[C@H](F)C4=CC(=O)C=C[C@]4(C)[C@@]3(F)[C@@H](O)C[C@@]21C', 27, (25, 28, 29), 'Specified', 'Tet_CW', 'Atom_Tetrahedral', ('CIP', 'S'))}","{('CCC(=O)O[C@]1(C(=O)O)[C@H](C)C[C@H]2[C@@H]3C[C@H](F)C4=CC(=O)C=C[C@]4(C)[C@@]3(F)[C@@H](O)C[C@@]21C', 12, (11, 13, 30), 'Specified', 'Tet_CW', 'Atom_Tetrahedral', ('CIP', 'S')), ('CCC(=O)O[C@]1(C(=O)O)[C@H](C)C[C@H]2[C@@H]3C[C@H](F)C4=CC(=O)C=C[C@]4(C)[C@@]3(F)[C@@H](O)C[C@@]21C', 5, (4, 6, 9, 30), 'Specified', 'Tet_CCW', 'Atom_Tetrahedral', ('CIP', 'R')), ('CCC(=O)O[C@]1(C(=O)O)[C@H](C)C[C@H]2[C@@H]3C[C@H](F)C4=CC(=O)C=C[C@]4(C)[C@@]3(F)[C@@H](O)C[C@@]21C', 27, (25, 28, 29), 'Specified', 'Tet_CW', 'Atom_Tetrahedral', ('CIP', 'S')), ('CCC(=O)O[C@]1(C(=O)O)[C@H](C)C[C@H]2[C@@H]3C[C@H](F)C4=CC(=O)C=C[C@]4(C)[C@@]3(F)[C@@H](O)C[C@@]21C', 9, (5, 10, 11), 'Specified', 'Tet_CCW', 'Atom_Tetrahedral', ('CIP', 'R')), ('CCC(=O)O[C@]1(C(=O)O)[C@H](C)C[C@H]2[C@@H]3C[C@H](F)C4=CC(=O)C=C[C@]4(C)[C@@]3(F)[C@@H](O)C[C@@]21C', 25, (13, 23, 26, 27), 'Specified', 'Tet_CCW', 'Atom_Tetrahedral', ('CIP', 'R')), ('CCC(=O)O[C@]1(C(=O)O)[C@H](C)C[C@H]2[C@@H]3C[C@H](F)C4=CC(=O)C=C[C@]4(C)[C@@]3(F)[C@@H](O)C[C@@]21C', 23, (17, 22, 24, 25), 'Specified', 'Tet_CW', 'Atom_Tetrahedral', ('CIP', 'S')), ('CCC(=O)O[C@]1(C(=O)O)[C@H](C)C[C@H]2[C@@H]3C[C@H](F)C4=CC(=O)C=C[C@]4(C)[C@@]3(F)[C@@H](O)C[C@@]21C', 15, (14, 16, 17), 'Specified', 'Tet_CCW', 'Atom_Tetrahedral', ('CIP', 'S')), ('CCC(=O)O[C@]1(C(=O)O)[C@H](C)C[C@H]2[C@@H]3C[C@H](F)C4=CC(=O)C=C[C@]4(C)[C@@]3(F)[C@@H](O)C[C@@]21C', 30, (5, 12, 29, 31), 'Specified', 'Tet_CCW', 'Atom_Tetrahedral', ('CIP', 'S')), ('CCC(=O)O[C@]1(C(=O)O)[C@H](C)C[C@H]2[C@@H]3C[C@H](F)C4=CC(=O)C=C[C@]4(C)[C@@]3(F)[C@@H](O)C[C@@]21C', 13, (12, 14, 25), 'Specified', 'Tet_CCW', 'Atom_Tetrahedral', ('CIP', 'S'))}"
op5001226,"{('C[C@@H]1CC2C3C[C@H](F)C4=CC(=O)C=C[C@]4(C)[C@@]3(F)[C@@H](O)C[C@]2(C)[C@@]1(O)C(=O)O', 4, (3, 5, 16), 'Unspecified', 'Fused ring', 'Atom_Tetrahedral', ('CIP', None)), ('C[C@@H]1CC2C3C[C@H](F)C4=CC(=O)C=C[C@]4(C)[C@@]3(F)[C@@H](O)C[C@]2(C)[C@@]1(O)C(=O)O', 1, (0, 2, 23), 'Specified', 'Tet_CCW', 'Atom_Tetrahedral', ('CIP', 'R')), ('C[C@@H]1CC2C3C[C@H](F)C4=CC(=O)C=C[C@]4(C)[C@@]3(F)[C@@H](O)C[C@]2(C)[C@@]1(O)C(=O)O', 3, (2, 4, 21), 'Unspecified', 'Fused ring', 'Atom_Tetrahedral', ('CIP', None)), ('C[C@@H]1CC2C3C[C@H](F)C4=CC(=O)C=C[C@]4(C)[C@@]3(F)[C@@H](O)C[C@]2(C)[C@@]1(O)C(=O)O', 16, (4, 14, 17, 18), 'Specified', 'Tet_CCW', 'Atom_Tetrahedral', ('CIP', 'R')), ('C[C@@H]1CC2C3C[C@H](F)C4=CC(=O)C=C[C@]4(C)[C@@]3(F)[C@@H](O)C[C@]2(C)[C@@]1(O)C(=O)O', 23, (1, 21, 24, 25), 'Specified', 'Tet_CCW', 'Atom_Tetrahedral', ('CIP', 'R')), ('C[C@@H]1CC2C3C[C@H](F)C4=CC(=O)C=C[C@]4(C)[C@@]3(F)[C@@H](O)C[C@]2(C)[C@@]1(O)C(=O)O', 6, (5, 7, 8), 'Specified', 'Tet_CCW', 'Atom_Tetrahedral', ('CIP', 'S')), ('C[C@@H]1CC2C3C[C@H](F)C4=CC(=O)C=C[C@]4(C)[C@@]3(F)[C@@H](O)C[C@]2(C)[C@@]1(O)C(=O)O', 18, (16, 19, 20), 'Specified', 'Tet_CW', 'Atom_Tetrahedral', ('CIP', 'S')), ('C[C@@H]1CC2C3C[C@H](F)C4=CC(=O)C=C[C@]4(C)[C@@]3(F)[C@@H](O)C[C@]2(C)[C@@]1(O)C(=O)O', 21, (3, 20, 22, 23), 'Specified', 'Tet_CW', 'Atom_Tetrahedral', ('CIP', 'S')), ('C[C@@H]1CC2C3C[C@H](F)C4=CC(=O)C=C[C@]4(C)[C@@]3(F)[C@@H](O)C[C@]2(C)[C@@]1(O)C(=O)O', 14, (8, 13, 15, 16), 'Specified', 'Tet_CW', 'Atom_Tetrahedral', ('CIP', 'S'))}","{('C[C@@H]1C[C@H]2[C@@H]3C[C@H](F)C4=CC(=O)C=C[C@]4(C)[C@@]3(F)[C@@H](O)C[C@]2(C)[C@@]1(O)C(=O)O', 3, (2, 4, 21), 'Specified', 'Tet_CW', 'Atom_Tetrahedral', ('CIP', 'S')), ('C[C@@H]1C[C@H]2[C@@H]3C[C@H](F)C4=CC(=O)C=C[C@]4(C)[C@@]3(F)[C@@H](O)C[C@]2(C)[C@@]1(O)C(=O)O', 6, (5, 7, 8), 'Specified', 'Tet_CCW', 'Atom_Tetrahedral', ('CIP', 'S')), ('C[C@@H]1C[C@H]2[C@@H]3C[C@H](F)C4=CC(=O)C=C[C@]4(C)[C@@]3(F)[C@@H](O)C[C@]2(C)[C@@]1(O)C(=O)O', 16, (4, 14, 17, 18), 'Specified', 'Tet_CCW', 'Atom_Tetrahedral', ('CIP', 'R')), ('C[C@@H]1C[C@H]2[C@@H]3C[C@H](F)C4=CC(=O)C=C[C@]4(C)[C@@]3(F)[C@@H](O)C[C@]2(C)[C@@]1(O)C(=O)O', 14, (8, 13, 15, 16), 'Specified', 'Tet_CW', 'Atom_Tetrahedral', ('CIP', 'S')), ('C[C@@H]1C[C@H]2[C@@H]3C[C@H](F)C4=CC(=O)C=C[C@]4(C)[C@@]3(F)[C@@H](O)C[C@]2(C)[C@@]1(O)C(=O)O', 23, (1, 21, 24, 25), 'Specified', 'Tet_CCW', 'Atom_Tetrahedral', ('CIP', 'R')), ('C[C@@H]1C[C@H]2[C@@H]3C[C@H](F)C4=CC(=O)C=C[C@]4(C)[C@@]3(F)[C@@H](O)C[C@]2(C)[C@@]1(O)C(=O)O', 21, (3, 20, 22, 23), 'Specified', 'Tet_CW', 'Atom_Tetrahedral', ('CIP', 'S')), ('C[C@@H]1C[C@H]2[C@@H]3C[C@H](F)C4=CC(=O)C=C[C@]4(C)[C@@]3(F)[C@@H](O)C[C@]2(C)[C@@]1(O)C(=O)O', 18, (16, 19, 20), 'Specified', 'Tet_CW', 'Atom_Tetrahedral', ('CIP', 'S')), ('C[C@@H]1C[C@H]2[C@@H]3C[C@H](F)C4=CC(=O)C=C[C@]4(C)[C@@]3(F)[C@@H](O)C[C@]2(C)[C@@]1(O)C(=O)O', 1, (0, 2, 23), 'Specified', 'Tet_CCW', 'Atom_Tetrahedral', ('CIP', 'R')), ('C[C@@H]1C[C@H]2[C@@H]3C[C@H](F)C4=CC(=O)C=C[C@]4(C)[C@@]3(F)[C@@H](O)C[C@]2(C)[C@@]1(O)C(=O)O', 4, (3, 5, 16), 'Specified', 'Tet_CCW', 'Atom_Tetrahedral', ('CIP', 'S'))}"
op5001226,"{('CC(=O)[C@@]1(O)[C@H](C)CC2C3C[C@H](F)C4=CC(=O)C=C[C@]4(C)[C@@]3(F)[C@@H](O)C[C@@]21C', 3, (1, 4, 5, 26), 'Specified', 'Tet_CW', 'Atom_Tetrahedral', ('CIP', 'R')), ('CC(=O)[C@@]1(O)[C@H](C)CC2C3C[C@H](F)C4=CC(=O)C=C[C@]4(C)[C@@]3(F)[C@@H](O)C[C@@]21C', 11, (10, 12, 13), 'Specified', 'Tet_CCW', 'Atom_Tetrahedral', ('CIP', 'S')), ('CC(=O)[C@@]1(O)[C@H](C)CC2C3C[C@H](F)C4=CC(=O)C=C[C@]4(C)[C@@]3(F)[C@@H](O)C[C@@]21C', 8, (7, 9, 26), 'Unspecified', 'Fused ring', 'Atom_Tetrahedral', ('CIP', None)), ('CC(=O)[C@@]1(O)[C@H](C)CC2C3C[C@H](F)C4=CC(=O)C=C[C@]4(C)[C@@]3(F)[C@@H](O)C[C@@]21C', 21, (9, 19, 22, 23), 'Specified', 'Tet_CCW', 'Atom_Tetrahedral', ('CIP', 'R')), ('CC(=O)[C@@]1(O)[C@H](C)CC2C3C[C@H](F)C4=CC(=O)C=C[C@]4(C)[C@@]3(F)[C@@H](O)C[C@@]21C', 26, (3, 8, 25, 27), 'Specified', 'Tet_CCW', 'Atom_Tetrahedral', ('CIP', 'S')), ('CC(=O)[C@@]1(O)[C@H](C)CC2C3C[C@H](F)C4=CC(=O)C=C[C@]4(C)[C@@]3(F)[C@@H](O)C[C@@]21C', 19, (13, 18, 20, 21), 'Specified', 'Tet_CW', 'Atom_Tetrahedral', ('CIP', 'S')), ('CC(=O)[C@@]1(O)[C@H](C)CC2C3C[C@H](F)C4=CC(=O)C=C[C@]4(C)[C@@]3(F)[C@@H](O)C[C@@]21C', 23, (21, 24, 25), 'Specified', 'Tet_CW', 'Atom_Tetrahedral', ('CIP', 'S')), ('CC(=O)[C@@]1(O)[C@H](C)CC2C3C[C@H](F)C4=CC(=O)C=C[C@]4(C)[C@@]3(F)[C@@H](O)C[C@@]21C', 9, (8, 10, 21), 'Unspecified', 'Fused ring', 'Atom_Tetrahedral', ('CIP', None)), ('CC(=O)[C@@]1(O)[C@H](C)CC2C3C[C@H](F)C4=CC(=O)C=C[C@]4(C)[C@@]3(F)[C@@H](O)C[C@@]21C', 5, (3, 6, 7), 'Specified', 'Tet_CCW', 'Atom_Tetrahedral', ('CIP', 'R'))}","{('CC(=O)[C@@]1(O)[C@H](C)C[C@H]2[C@@H]3C[C@H](F)C4=CC(=O)C=C[C@]4(C)[C@@]3(F)[C@@H](O)C[C@@]21C', 5, (3, 6, 7), 'Specified', 'Tet_CCW', 'Atom_Tetrahedral', ('CIP', 'R')), ('CC(=O)[C@@]1(O)[C@H](C)C[C@H]2[C@@H]3C[C@H](F)C4=CC(=O)C=C[C@]4(C)[C@@]3(F)[C@@H](O)C[C@@]21C', 21, (9, 19, 22, 23), 'Specified', 'Tet_CCW', 'Atom_Tetrahedral', ('CIP', 'R')), ('CC(=O)[C@@]1(O)[C@H](C)C[C@H]2[C@@H]3C[C@H](F)C4=CC(=O)C=C[C@]4(C)[C@@]3(F)[C@@H](O)C[C@@]21C', 8, (7, 9, 26), 'Specified', 'Tet_CW', 'Atom_Tetrahedral', ('CIP', 'S')), ('CC(=O)[C@@]1(O)[C@H](C)C[C@H]2[C@@H]3C[C@H](F)C4=CC(=O)C=C[C@]4(C)[C@@]3(F)[C@@H](O)C[C@@]21C', 23, (21, 24, 25), 'Specified', 'Tet_CW', 'Atom_Tetrahedral', ('CIP', 'S')), ('CC(=O)[C@@]1(O)[C@H](C)C[C@H]2[C@@H]3C[C@H](F)C4=CC(=O)C=C[C@]4(C)[C@@]3(F)[C@@H](O)C[C@@]21C', 3, (1, 4, 5, 26), 'Specified', 'Tet_CW', 'Atom_Tetrahedral', ('CIP', 'R')), ('CC(=O)[C@@]1(O)[C@H](C)C[C@H]2[C@@H]3C[C@H](F)C4=CC(=O)C=C[C@]4(C)[C@@]3(F)[C@@H](O)C[C@@]21C', 26, (3, 8, 25, 27), 'Specified', 'Tet_CCW', 'Atom_Tetrahedral', ('CIP', 'S')), ('CC(=O)[C@@]1(O)[C@H](C)C[C@H]2[C@@H]3C[C@H](F)C4=CC(=O)C=C[C@]4(C)[C@@]3(F)[C@@H](O)C[C@@]21C', 11, (10, 12, 13), 'Specified', 'Tet_CCW', 'Atom_Tetrahedral', ('CIP', 'S')), ('CC(=O)[C@@]1(O)[C@H](C)C[C@H]2[C@@H]3C[C@H](F)C4=CC(=O)C=C[C@]4(C)[C@@]3(F)[C@@H](O)C[C@@]21C', 9, (8, 10, 21), 'Specified', 'Tet_CCW', 'Atom_Tetrahedral', ('CIP', 'S')), ('CC(=O)[C@@]1(O)[C@H](C)C[C@H]2[C@@H]3C[C@H](F)C4=CC(=O)C=C[C@]4(C)[C@@]3(F)[C@@H](O)C[C@@]21C', 19, (13, 18, 20, 21), 'Specified', 'Tet_CW', 'Atom_Tetrahedral', ('CIP', 'S'))}"
op5001226,"{('CCC(=O)O[C@]1(C(=O)S)[C@H](C)CC2C3C[C@H](F)C4=CC(=O)C=C[C@]4(C)[C@@]3(F)[C@@H](O)C[C@@]21C', 5, (4, 6, 9, 30), 'Specified', 'Tet_CCW', 'Atom_Tetrahedral', ('CIP', 'R')), ('CCC(=O)O[C@]1(C(=O)S)[C@H](C)CC2C3C[C@H](F)C4=CC(=O)C=C[C@]4(C)[C@@]3(F)[C@@H](O)C[C@@]21C', 15, (14, 16, 17), 'Specified', 'Tet_CCW', 'Atom_Tetrahedral', ('CIP', 'S')), ('CCC(=O)O[C@]1(C(=O)S)[C@H](C)CC2C3C[C@H](F)C4=CC(=O)C=C[C@]4(C)[C@@]3(F)[C@@H](O)C[C@@]21C', 25, (13, 23, 26, 27), 'Specified', 'Tet_CCW', 'Atom_Tetrahedral', ('CIP', 'R')), ('CCC(=O)O[C@]1(C(=O)S)[C@H](C)CC2C3C[C@H](F)C4=CC(=O)C=C[C@]4(C)[C@@]3(F)[C@@H](O)C[C@@]21C', 9, (5, 10, 11), 'Specified', 'Tet_CCW', 'Atom_Tetrahedral', ('CIP', 'R')), ('CCC(=O)O[C@]1(C(=O)S)[C@H](C)CC2C3C[C@H](F)C4=CC(=O)C=C[C@]4(C)[C@@]3(F)[C@@H](O)C[C@@]21C', 12, (11, 13, 30), 'Unspecified', 'Fused ring', 'Atom_Tetrahedral', ('CIP', None)), ('CCC(=O)O[C@]1(C(=O)S)[C@H](C)CC2C3C[C@H](F)C4=CC(=O)C=C[C@]4(C)[C@@]3(F)[C@@H](O)C[C@@]21C', 13, (12, 14, 25), 'Unspecified', 'Fused ring', 'Atom_Tetrahedral', ('CIP', None)), ('CCC(=O)O[C@]1(C(=O)S)[C@H](C)CC2C3C[C@H](F)C4=CC(=O)C=C[C@]4(C)[C@@]3(F)[C@@H](O)C[C@@]21C', 27, (25, 28, 29), 'Specified', 'Tet_CW', 'Atom_Tetrahedral', ('CIP', 'S')), ('CCC(=O)O[C@]1(C(=O)S)[C@H](C)CC2C3C[C@H](F)C4=CC(=O)C=C[C@]4(C)[C@@]3(F)[C@@H](O)C[C@@]21C', 30, (5, 12, 29, 31), 'Specified', 'Tet_CCW', 'Atom_Tetrahedral', ('CIP', 'S')), ('CCC(=O)O[C@]1(C(=O)S)[C@H](C)CC2C3C[C@H](F)C4=CC(=O)C=C[C@]4(C)[C@@]3(F)[C@@H](O)C[C@@]21C', 23, (17, 22, 24, 25), 'Specified', 'Tet_CW', 'Atom_Tetrahedral', ('CIP', 'S'))}","{('CCC(=O)O[C@]1(C(=O)S)[C@H](C)C[C@H]2[C@@H]3C[C@H](F)C4=CC(=O)C=C[C@]4(C)[C@@]3(F)[C@@H](O)C[C@@]21C', 23, (17, 22, 24, 25), 'Specified', 'Tet_CW', 'Atom_Tetrahedral', ('CIP', 'S')), ('CCC(=O)O[C@]1(C(=O)S)[C@H](C)C[C@H]2[C@@H]3C[C@H](F)C4=CC(=O)C=C[C@]4(C)[C@@]3(F)[C@@H](O)C[C@@]21C', 15, (14, 16, 17), 'Specified', 'Tet_CCW', 'Atom_Tetrahedral', ('CIP', 'S')), ('CCC(=O)O[C@]1(C(=O)S)[C@H](C)C[C@H]2[C@@H]3C[C@H](F)C4=CC(=O)C=C[C@]4(C)[C@@]3(F)[C@@H](O)C[C@@]21C', 9, (5, 10, 11), 'Specified', 'Tet_CCW', 'Atom_Tetrahedral', ('CIP', 'R')), ('CCC(=O)O[C@]1(C(=O)S)[C@H](C)C[C@H]2[C@@H]3C[C@H](F)C4=CC(=O)C=C[C@]4(C)[C@@]3(F)[C@@H](O)C[C@@]21C', 12, (11, 13, 30), 'Specified', 'Tet_CW', 'Atom_Tetrahedral', ('CIP', 'S')), ('CCC(=O)O[C@]1(C(=O)S)[C@H](C)C[C@H]2[C@@H]3C[C@H](F)C4=CC(=O)C=C[C@]4(C)[C@@]3(F)[C@@H](O)C[C@@]21C', 13, (12, 14, 25), 'Specified', 'Tet_CCW', 'Atom_Tetrahedral', ('CIP', 'S')), ('CCC(=O)O[C@]1(C(=O)S)[C@H](C)C[C@H]2[C@@H]3C[C@H](F)C4=CC(=O)C=C[C@]4(C)[C@@]3(F)[C@@H](O)C[C@@]21C', 5, (4, 6, 9, 30), 'Specified', 'Tet_CCW', 'Atom_Tetrahedral', ('CIP', 'R')), ('CCC(=O)O[C@]1(C(=O)S)[C@H](C)C[C@H]2[C@@H]3C[C@H](F)C4=CC(=O)C=C[C@]4(C)[C@@]3(F)[C@@H](O)C[C@@]21C', 25, (13, 23, 26, 27), 'Specified', 'Tet_CCW', 'Atom_Tetrahedral', ('CIP', 'R')), ('CCC(=O)O[C@]1(C(=O)S)[C@H](C)C[C@H]2[C@@H]3C[C@H](F)C4=CC(=O)C=C[C@]4(C)[C@@]3(F)[C@@H](O)C[C@@]21C', 27, (25, 28, 29), 'Specified', 'Tet_CW', 'Atom_Tetrahedral', ('CIP', 'S')), ('CCC(=O)O[C@]1(C(=O)S)[C@H](C)C[C@H]2[C@@H]3C[C@H](F)C4=CC(=O)C=C[C@]4(C)[C@@]3(F)[C@@H](O)C[C@@]21C', 30, (5, 12, 29, 31), 'Specified', 'Tet_CCW', 'Atom_Tetrahedral', ('CIP', 'S'))}"
op5001226,"{('CCC(=O)O[C@]1(C(=O)SCF)[C@H](C)CC2C3C[C@H](F)C4=CC(=O)C=C[C@]4(C)[C@@]3(F)[C@@H](O)C[C@@]21C', 27, (15, 25, 28, 29), 'Specified', 'Tet_CCW', 'Atom_Tetrahedral', ('CIP', 'R')), ('CCC(=O)O[C@]1(C(=O)SCF)[C@H](C)CC2C3C[C@H](F)C4=CC(=O)C=C[C@]4(C)[C@@]3(F)[C@@H](O)C[C@@]21C', 14, (13, 15, 32), 'Unspecified', 'Fused ring', 'Atom_Tetrahedral', ('CIP', None)), ('CCC(=O)O[C@]1(C(=O)SCF)[C@H](C)CC2C3C[C@H](F)C4=CC(=O)C=C[C@]4(C)[C@@]3(F)[C@@H](O)C[C@@]21C', 29, (27, 30, 31), 'Specified', 'Tet_CW', 'Atom_Tetrahedral', ('CIP', 'S')), ('CCC(=O)O[C@]1(C(=O)SCF)[C@H](C)CC2C3C[C@H](F)C4=CC(=O)C=C[C@]4(C)[C@@]3(F)[C@@H](O)C[C@@]21C', 5, (4, 6, 11, 32), 'Specified', 'Tet_CCW', 'Atom_Tetrahedral', ('CIP', 'R')), ('CCC(=O)O[C@]1(C(=O)SCF)[C@H](C)CC2C3C[C@H](F)C4=CC(=O)C=C[C@]4(C)[C@@]3(F)[C@@H](O)C[C@@]21C', 15, (14, 16, 27), 'Unspecified', 'Fused ring', 'Atom_Tetrahedral', ('CIP', None)), ('CCC(=O)O[C@]1(C(=O)SCF)[C@H](C)CC2C3C[C@H](F)C4=CC(=O)C=C[C@]4(C)[C@@]3(F)[C@@H](O)C[C@@]21C', 17, (16, 18, 19), 'Specified', 'Tet_CCW', 'Atom_Tetrahedral', ('CIP', 'S')), ('CCC(=O)O[C@]1(C(=O)SCF)[C@H](C)CC2C3C[C@H](F)C4=CC(=O)C=C[C@]4(C)[C@@]3(F)[C@@H](O)C[C@@]21C', 25, (19, 24, 26, 27), 'Specified', 'Tet_CW', 'Atom_Tetrahedral', ('CIP', 'S')), ('CCC(=O)O[C@]1(C(=O)SCF)[C@H](C)CC2C3C[C@H](F)C4=CC(=O)C=C[C@]4(C)[C@@]3(F)[C@@H](O)C[C@@]21C', 32, (5, 14, 31, 33), 'Specified', 'Tet_CCW', 'Atom_Tetrahedral', ('CIP', 'S')), ('CCC(=O)O[C@]1(C(=O)SCF)[C@H](C)CC2C3C[C@H](F)C4=CC(=O)C=C[C@]4(C)[C@@]3(F)[C@@H](O)C[C@@]21C', 11, (5, 12, 13), 'Specified', 'Tet_CCW', 'Atom_Tetrahedral', ('CIP', 'R'))}","{('CCC(=O)O[C@]1(C(=O)SCF)[C@H](C)C[C@H]2[C@@H]3C[C@H](F)C4=CC(=O)C=C[C@]4(C)[C@@]3(F)[C@@H](O)C[C@@]21C', 17, (16, 18, 19), 'Specified', 'Tet_CCW', 'Atom_Tetrahedral', ('CIP', 'S')), ('CCC(=O)O[C@]1(C(=O)SCF)[C@H](C)C[C@H]2[C@@H]3C[C@H](F)C4=CC(=O)C=C[C@]4(C)[C@@]3(F)[C@@H](O)C[C@@]21C', 5, (4, 6, 11, 32), 'Specified', 'Tet_CCW', 'Atom_Tetrahedral', ('CIP', 'R')), ('CCC(=O)O[C@]1(C(=O)SCF)[C@H](C)C[C@H]2[C@@H]3C[C@H](F)C4=CC(=O)C=C[C@]4(C)[C@@]3(F)[C@@H](O)C[C@@]21C', 27, (15, 25, 28, 29), 'Specified', 'Tet_CCW', 'Atom_Tetrahedral', ('CIP', 'R')), ('CCC(=O)O[C@]1(C(=O)SCF)[C@H](C)C[C@H]2[C@@H]3C[C@H](F)C4=CC(=O)C=C[C@]4(C)[C@@]3(F)[C@@H](O)C[C@@]21C', 25, (19, 24, 26, 27), 'Specified', 'Tet_CW', 'Atom_Tetrahedral', ('CIP', 'S')), ('CCC(=O)O[C@]1(C(=O)SCF)[C@H](C)C[C@H]2[C@@H]3C[C@H](F)C4=CC(=O)C=C[C@]4(C)[C@@]3(F)[C@@H](O)C[C@@]21C', 11, (5, 12, 13), 'Specified', 'Tet_CCW', 'Atom_Tetrahedral', ('CIP', 'R')), ('CCC(=O)O[C@]1(C(=O)SCF)[C@H](C)C[C@H]2[C@@H]3C[C@H](F)C4=CC(=O)C=C[C@]4(C)[C@@]3(F)[C@@H](O)C[C@@]21C', 32, (5, 14, 31, 33), 'Specified', 'Tet_CCW', 'Atom_Tetrahedral', ('CIP', 'S')), ('CCC(=O)O[C@]1(C(=O)SCF)[C@H](C)C[C@H]2[C@@H]3C[C@H](F)C4=CC(=O)C=C[C@]4(C)[C@@]3(F)[C@@H](O)C[C@@]21C', 29, (27, 30, 31), 'Specified', 'Tet_CW', 'Atom_Tetrahedral', ('CIP', 'S')), ('CCC(=O)O[C@]1(C(=O)SCF)[C@H](C)C[C@H]2[C@@H]3C[C@H](F)C4=CC(=O)C=C[C@]4(C)[C@@]3(F)[C@@H](O)C[C@@]21C', 14, (13, 15, 32), 'Specified', 'Tet_CW', 'Atom_Tetrahedral', ('CIP', 'S')), ('CCC(=O)O[C@]1(C(=O)SCF)[C@H](C)C[C@H]2[C@@H]3C[C@H](F)C4=CC(=O)C=C[C@]4(C)[C@@]3(F)[C@@H](O)C[C@@]21C', 15, (14, 16, 27), 'Specified', 'Tet_CCW', 'Atom_Tetrahedral', ('CIP', 'S'))}"
op5001226,"{('CCC(=O)O[C@@]1(F)[C@H](C)CC2C3C[C@H](F)C4=CC(=O)C=C[C@]4(C)[C@@]3(F)[C@@H](O)C[C@@]21C', 5, (4, 6, 7, 28), 'Specified', 'Tet_CW', 'Atom_Tetrahedral', ('CIP', 'R')), ('CCC(=O)O[C@@]1(F)[C@H](C)CC2C3C[C@H](F)C4=CC(=O)C=C[C@]4(C)[C@@]3(F)[C@@H](O)C[C@@]21C', 11, (10, 12, 23), 'Unspecified', 'Fused ring', 'Atom_Tetrahedral', ('CIP', None)), ('CCC(=O)O[C@@]1(F)[C@H](C)CC2C3C[C@H](F)C4=CC(=O)C=C[C@]4(C)[C@@]3(F)[C@@H](O)C[C@@]21C', 13, (12, 14, 15), 'Specified', 'Tet_CCW', 'Atom_Tetrahedral', ('CIP', 'S')), ('CCC(=O)O[C@@]1(F)[C@H](C)CC2C3C[C@H](F)C4=CC(=O)C=C[C@]4(C)[C@@]3(F)[C@@H](O)C[C@@]21C', 10, (9, 11, 28), 'Unspecified', 'Fused ring', 'Atom_Tetrahedral', ('CIP', None)), ('CCC(=O)O[C@@]1(F)[C@H](C)CC2C3C[C@H](F)C4=CC(=O)C=C[C@]4(C)[C@@]3(F)[C@@H](O)C[C@@]21C', 7, (5, 8, 9), 'Specified', 'Tet_CCW', 'Atom_Tetrahedral', ('CIP', 'R')), ('CCC(=O)O[C@@]1(F)[C@H](C)CC2C3C[C@H](F)C4=CC(=O)C=C[C@]4(C)[C@@]3(F)[C@@H](O)C[C@@]21C', 28, (5, 10, 27, 29), 'Specified', 'Tet_CCW', 'Atom_Tetrahedral', ('CIP', 'S')), ('CCC(=O)O[C@@]1(F)[C@H](C)CC2C3C[C@H](F)C4=CC(=O)C=C[C@]4(C)[C@@]3(F)[C@@H](O)C[C@@]21C', 23, (11, 21, 24, 25), 'Specified', 'Tet_CCW', 'Atom_Tetrahedral', ('CIP', 'R')), ('CCC(=O)O[C@@]1(F)[C@H](C)CC2C3C[C@H](F)C4=CC(=O)C=C[C@]4(C)[C@@]3(F)[C@@H](O)C[C@@]21C', 25, (23, 26, 27), 'Specified', 'Tet_CW', 'Atom_Tetrahedral', ('CIP', 'S')), ('CCC(=O)O[C@@]1(F)[C@H](C)CC2C3C[C@H](F)C4=CC(=O)C=C[C@]4(C)[C@@]3(F)[C@@H](O)C[C@@]21C', 21, (15, 20, 22, 23), 'Specified', 'Tet_CW', 'Atom_Tetrahedral', ('CIP', 'S'))}","{('CCC(=O)O[C@@]1(F)[C@H](C)C[C@H]2[C@@H]3C[C@H](F)C4=CC(=O)C=C[C@]4(C)[C@@]3(F)[C@@H](O)C[C@@]21C', 5, (4, 6, 7, 28), 'Specified', 'Tet_CW', 'Atom_Tetrahedral', ('CIP', 'R')), ('CCC(=O)O[C@@]1(F)[C@H](C)C[C@H]2[C@@H]3C[C@H](F)C4=CC(=O)C=C[C@]4(C)[C@@]3(F)[C@@H](O)C[C@@]21C', 23, (11, 21, 24, 25), 'Specified', 'Tet_CCW', 'Atom_Tetrahedral', ('CIP', 'R')), ('CCC(=O)O[C@@]1(F)[C@H](C)C[C@H]2[C@@H]3C[C@H](F)C4=CC(=O)C=C[C@]4(C)[C@@]3(F)[C@@H](O)C[C@@]21C', 25, (23, 26, 27), 'Specified', 'Tet_CW', 'Atom_Tetrahedral', ('CIP', 'S')), ('CCC(=O)O[C@@]1(F)[C@H](C)C[C@H]2[C@@H]3C[C@H](F)C4=CC(=O)C=C[C@]4(C)[C@@]3(F)[C@@H](O)C[C@@]21C', 10, (9, 11, 28), 'Specified', 'Tet_CW', 'Atom_Tetrahedral', ('CIP', 'S')), ('CCC(=O)O[C@@]1(F)[C@H](C)C[C@H]2[C@@H]3C[C@H](F)C4=CC(=O)C=C[C@]4(C)[C@@]3(F)[C@@H](O)C[C@@]21C', 11, (10, 12, 23), 'Specified', 'Tet_CCW', 'Atom_Tetrahedral', ('CIP', 'S')), ('CCC(=O)O[C@@]1(F)[C@H](C)C[C@H]2[C@@H]3C[C@H](F)C4=CC(=O)C=C[C@]4(C)[C@@]3(F)[C@@H](O)C[C@@]21C', 28, (5, 10, 27, 29), 'Specified', 'Tet_CCW', 'Atom_Tetrahedral', ('CIP', 'S')), ('CCC(=O)O[C@@]1(F)[C@H](C)C[C@H]2[C@@H]3C[C@H](F)C4=CC(=O)C=C[C@]4(C)[C@@]3(F)[C@@H](O)C[C@@]21C', 21, (15, 20, 22, 23), 'Specified', 'Tet_CW', 'Atom_Tetrahedral', ('CIP', 'S')), ('CCC(=O)O[C@@]1(F)[C@H](C)C[C@H]2[C@@H]3C[C@H](F)C4=CC(=O)C=C[C@]4(C)[C@@]3(F)[C@@H](O)C[C@@]21C', 13, (12, 14, 15), 'Specified', 'Tet_CCW', 'Atom_Tetrahedral', ('CIP', 'S')), ('CCC(=O)O[C@@]1(F)[C@H](C)C[C@H]2[C@@H]3C[C@H](F)C4=CC(=O)C=C[C@]4(C)[C@@]3(F)[C@@H](O)C[C@@]21C', 7, (5, 8, 9), 'Specified', 'Tet_CCW', 'Atom_Tetrahedral', ('CIP', 'R'))}"
op5001226,"{('CCC(=O)O[C@]1(C(=O)SC(=O)N(C)C)[C@H](C)CC2C3C[C@H](F)C4=CC(=O)C=C[C@]4(C)[C@@]3(F)[C@@H](O)C[C@@]21C', 14, (5, 15, 16), 'Specified', 'Tet_CCW', 'Atom_Tetrahedral', ('CIP', 'R')), ('CCC(=O)O[C@]1(C(=O)SC(=O)N(C)C)[C@H](C)CC2C3C[C@H](F)C4=CC(=O)C=C[C@]4(C)[C@@]3(F)[C@@H](O)C[C@@]21C', 30, (18, 28, 31, 32), 'Specified', 'Tet_CCW', 'Atom_Tetrahedral', ('CIP', 'R')), ('CCC(=O)O[C@]1(C(=O)SC(=O)N(C)C)[C@H](C)CC2C3C[C@H](F)C4=CC(=O)C=C[C@]4(C)[C@@]3(F)[C@@H](O)C[C@@]21C', 5, (4, 6, 14, 35), 'Specified', 'Tet_CCW', 'Atom_Tetrahedral', ('CIP', 'R')), ('CCC(=O)O[C@]1(C(=O)SC(=O)N(C)C)[C@H](C)CC2C3C[C@H](F)C4=CC(=O)C=C[C@]4(C)[C@@]3(F)[C@@H](O)C[C@@]21C', 18, (17, 19, 30), 'Unspecified', 'Fused ring', 'Atom_Tetrahedral', ('CIP', None)), ('CCC(=O)O[C@]1(C(=O)SC(=O)N(C)C)[C@H](C)CC2C3C[C@H](F)C4=CC(=O)C=C[C@]4(C)[C@@]3(F)[C@@H](O)C[C@@]21C', 32, (30, 33, 34), 'Specified', 'Tet_CW', 'Atom_Tetrahedral', ('CIP', 'S')), ('CCC(=O)O[C@]1(C(=O)SC(=O)N(C)C)[C@H](C)CC2C3C[C@H](F)C4=CC(=O)C=C[C@]4(C)[C@@]3(F)[C@@H](O)C[C@@]21C', 20, (19, 21, 22), 'Specified', 'Tet_CCW', 'Atom_Tetrahedral', ('CIP', 'S')), ('CCC(=O)O[C@]1(C(=O)SC(=O)N(C)C)[C@H](C)CC2C3C[C@H](F)C4=CC(=O)C=C[C@]4(C)[C@@]3(F)[C@@H](O)C[C@@]21C', 17, (16, 18, 35), 'Unspecified', 'Fused ring', 'Atom_Tetrahedral', ('CIP', None)), ('CCC(=O)O[C@]1(C(=O)SC(=O)N(C)C)[C@H](C)CC2C3C[C@H](F)C4=CC(=O)C=C[C@]4(C)[C@@]3(F)[C@@H](O)C[C@@]21C', 28, (22, 27, 29, 30), 'Specified', 'Tet_CW', 'Atom_Tetrahedral', ('CIP', 'S')), ('CCC(=O)O[C@]1(C(=O)SC(=O)N(C)C)[C@H](C)CC2C3C[C@H](F)C4=CC(=O)C=C[C@]4(C)[C@@]3(F)[C@@H](O)C[C@@]21C', 35, (5, 17, 34, 36), 'Specified', 'Tet_CCW', 'Atom_Tetrahedral', ('CIP', 'S'))}","{('CCC(=O)O[C@]1(C(=O)SC(=O)N(C)C)[C@H](C)C[C@H]2[C@@H]3C[C@H](F)C4=CC(=O)C=C[C@]4(C)[C@@]3(F)[C@@H](O)C[C@@]21C', 14, (5, 15, 16), 'Specified', 'Tet_CCW', 'Atom_Tetrahedral', ('CIP', 'R')), ('CCC(=O)O[C@]1(C(=O)SC(=O)N(C)C)[C@H](C)C[C@H]2[C@@H]3C[C@H](F)C4=CC(=O)C=C[C@]4(C)[C@@]3(F)[C@@H](O)C[C@@]21C', 5, (4, 6, 14, 35), 'Specified', 'Tet_CCW', 'Atom_Tetrahedral', ('CIP', 'R')), ('CCC(=O)O[C@]1(C(=O)SC(=O)N(C)C)[C@H](C)C[C@H]2[C@@H]3C[C@H](F)C4=CC(=O)C=C[C@]4(C)[C@@]3(F)[C@@H](O)C[C@@]21C', 35, (5, 17, 34, 36), 'Specified', 'Tet_CCW', 'Atom_Tetrahedral', ('CIP', 'S')), ('CCC(=O)O[C@]1(C(=O)SC(=O)N(C)C)[C@H](C)C[C@H]2[C@@H]3C[C@H](F)C4=CC(=O)C=C[C@]4(C)[C@@]3(F)[C@@H](O)C[C@@]21C', 30, (18, 28, 31, 32), 'Specified', 'Tet_CCW', 'Atom_Tetrahedral', ('CIP', 'R')), ('CCC(=O)O[C@]1(C(=O)SC(=O)N(C)C)[C@H](C)C[C@H]2[C@@H]3C[C@H](F)C4=CC(=O)C=C[C@]4(C)[C@@]3(F)[C@@H](O)C[C@@]21C', 20, (19, 21, 22), 'Specified', 'Tet_CCW', 'Atom_Tetrahedral', ('CIP', 'S')), ('CCC(=O)O[C@]1(C(=O)SC(=O)N(C)C)[C@H](C)C[C@H]2[C@@H]3C[C@H](F)C4=CC(=O)C=C[C@]4(C)[C@@]3(F)[C@@H](O)C[C@@]21C', 28, (22, 27, 29, 30), 'Specified', 'Tet_CW', 'Atom_Tetrahedral', ('CIP', 'S')), ('CCC(=O)O[C@]1(C(=O)SC(=O)N(C)C)[C@H](C)C[C@H]2[C@@H]3C[C@H](F)C4=CC(=O)C=C[C@]4(C)[C@@]3(F)[C@@H](O)C[C@@]21C', 18, (17, 19, 30), 'Specified', 'Tet_CCW', 'Atom_Tetrahedral', ('CIP', 'S')), ('CCC(=O)O[C@]1(C(=O)SC(=O)N(C)C)[C@H](C)C[C@H]2[C@@H]3C[C@H](F)C4=CC(=O)C=C[C@]4(C)[C@@]3(F)[C@@H](O)C[C@@]21C', 32, (30, 33, 34), 'Specified', 'Tet_CW', 'Atom_Tetrahedral', ('CIP', 'S')), ('CCC(=O)O[C@]1(C(=O)SC(=O)N(C)C)[C@H](C)C[C@H]2[C@@H]3C[C@H](F)C4=CC(=O)C=C[C@]4(C)[C@@]3(F)[C@@H](O)C[C@@]21C', 17, (16, 18, 35), 'Specified', 'Tet_CW', 'Atom_Tetrahedral', ('CIP', 'S'))}"
acs.oprd.7b00153,"{('C[C@@H]1CCC2[C@@H](C)C(=O)O[C@@H]3O[C@@]4(C)CCC1[C@@]23OO4', 17, (4, 10, 16, 18), 'Specified', 'Tet_CW', 'Atom_Tetrahedral', ('CIP', 'R')), ('C[C@@H]1CCC2[C@@H](C)C(=O)O[C@@H]3O[C@@]4(C)CCC1[C@@]23OO4', 4, (3, 5, 17), 'Unspecified', 'Fused ring', 'Atom_Tetrahedral', ('CIP', None)), ('C[C@@H]1CCC2[C@@H](C)C(=O)O[C@@H]3O[C@@]4(C)CCC1[C@@]23OO4', 12, (11, 13, 14, 19), 'Specified', 'Tet_CW', 'Atom_Tetrahedral', ('CIP', 'R')), ('C[C@@H]1CCC2[C@@H](C)C(=O)O[C@@H]3O[C@@]4(C)CCC1[C@@]23OO4', 10, (9, 11, 17), 'Specified', 'Tet_CCW', 'Atom_Tetrahedral', ('CIP', 'S')), ('C[C@@H]1CCC2[C@@H](C)C(=O)O[C@@H]3O[C@@]4(C)CCC1[C@@]23OO4', 1, (0, 2, 16), 'Specified', 'Tet_CCW', 'Atom_Tetrahedral', ('CIP', 'R')), ('C[C@@H]1CCC2[C@@H](C)C(=O)O[C@@H]3O[C@@]4(C)CCC1[C@@]23OO4', 16, (1, 15, 17), 'Unspecified', 'Fused ring', 'Atom_Tetrahedral', ('CIP', None)), ('C[C@@H]1CCC2[C@@H](C)C(=O)O[C@@H]3O[C@@]4(C)CCC1[C@@]23OO4', 5, (4, 6, 7), 'Specified', 'Tet_CW', 'Atom_Tetrahedral', ('CIP', 'R'))}","{('C[C@@H]1CC[C@H]2[C@@H](C)C(=O)O[C@@H]3O[C@@]4(C)CC[C@@H]1[C@]32OO4', 12, (11, 13, 14, 19), 'Specified', 'Tet_CW', 'Atom_Tetrahedral', ('CIP', 'R')), ('C[C@@H]1CC[C@H]2[C@@H](C)C(=O)O[C@@H]3O[C@@]4(C)CC[C@@H]1[C@]32OO4', 17, (4, 10, 16, 18), 'Specified', 'Tet_CW', 'Atom_Tetrahedral', ('CIP', 'R')), ('C[C@@H]1CC[C@H]2[C@@H](C)C(=O)O[C@@H]3O[C@@]4(C)CC[C@@H]1[C@]32OO4', 10, (9, 11, 17), 'Specified', 'Tet_CCW', 'Atom_Tetrahedral', ('CIP', 'S')), ('C[C@@H]1CC[C@H]2[C@@H](C)C(=O)O[C@@H]3O[C@@]4(C)CC[C@@H]1[C@]32OO4', 1, (0, 2, 16), 'Specified', 'Tet_CCW', 'Atom_Tetrahedral', ('CIP', 'R')), ('C[C@@H]1CC[C@H]2[C@@H](C)C(=O)O[C@@H]3O[C@@]4(C)CC[C@@H]1[C@]32OO4', 4, (3, 5, 17), 'Specified', 'Tet_CW', 'Atom_Tetrahedral', ('CIP', 'S')), ('C[C@@H]1CC[C@H]2[C@@H](C)C(=O)O[C@@H]3O[C@@]4(C)CC[C@@H]1[C@]32OO4', 16, (1, 15, 17), 'Specified', 'Tet_CCW', 'Atom_Tetrahedral', ('CIP', 'S')), ('C[C@@H]1CC[C@H]2[C@@H](C)C(=O)O[C@@H]3O[C@@]4(C)CC[C@@H]1[C@]32OO4', 5, (4, 6, 7), 'Specified', 'Tet_CW', 'Atom_Tetrahedral', ('CIP', 'R'))}"
op034028h,"{('CC(=O)NC[C@H](O)CCl', 5, (4, 6, 7), 'Specified', 'Tet_CCW', 'Atom_Tetrahedral', ('CIP', 'S'))}","{('CC(=O)NCC(O)CCl', 5, (4, 6, 7), 'Unspecified', 'NoValue', 'Atom_Tetrahedral', ('CIP', None))}"
op034028h,"{('CC(=O)NC[C@H]1CO1', 5, (4, 6, 7), 'Specified', 'Tet_CW', 'Atom_Tetrahedral', ('CIP', 'S'))}","{('CC(=O)NCC1CO1', 5, (4, 6, 7), 'Unspecified', 'NoValue', 'Atom_Tetrahedral', ('CIP', None))}"
op034028h,"{('CC1(C)C2CC[C@@]1(CS(=O)(=O)O)C(=O)C2', 3, (1, 4, 14), 'Unspecified', 'Fused ring', 'Atom_Tetrahedral', ('CIP', None)), ('CC1(C)C2CC[C@@]1(CS(=O)(=O)O)C(=O)C2', 6, (1, 5, 7, 12), 'Specified', 'Tet_CCW', 'Atom_Tetrahedral', ('CIP', 'S'))}","{('CC1(C)[C@H]2CC[C@@]1(CS(=O)(=O)O)C(=O)C2', 3, (1, 4, 14), 'Specified', 'Tet_CW', 'Atom_Tetrahedral', ('CIP', 'S')), ('CC1(C)[C@H]2CC[C@@]1(CS(=O)(=O)O)C(=O)C2', 6, (1, 5, 7, 12), 'Specified', 'Tet_CCW', 'Atom_Tetrahedral', ('CIP', 'S'))}"
op034028h,"{('CC1=NC[C@H](CO)O1', 4, (3, 5, 7), 'Specified', 'Tet_CCW', 'Atom_Tetrahedral', ('CIP', 'R'))}","{('CC1=NCC(CO)O1', 4, (3, 5, 7), 'Unspecified', 'NoValue', 'Atom_Tetrahedral', ('CIP', None))}"
op5003215,"{('CCOC(=O)C[C@@H](O)c1ccccc1', 6, (5, 7, 8), 'Specified', 'Tet_CW', 'Atom_Tetrahedral', ('CIP', 'R'))}","{('CCOC(=O)C[C@H](O)c1ccccc1', 6, (5, 7, 8), 'Specified', 'Tet_CCW', 'Atom_Tetrahedral', ('CIP', 'S'))}"
