smiles,pubchem,cirpy,exists_any,Has_CAS
CC[N+](CCO[Si](C)(C)C(C)C)(C(C)C)C(C)C,False,True,True,False
CO[C@H]1C[C@@H]2CC[C@@H](C)[C@@](O)(O2)C(=O)C(=O)N2CCCC[C@H]2C(=O)C[C@H]([C@H](C)C[C@@H]2CC[C@@H](OCCO[Si](c3ccccc3)(c3ccccc3)C(C)(C)C)[C@H](OC)C2)CC(=O)[C@H](C)/C=C(\C)[C@H]2OC(OCCO[Si](c3ccccc3)(c3ccccc3)C(C)(C)C)([C@H](C)C[C@H](C)/C=C/C=C/C=C/1C)[C@@H]2OC,False,True,True,False
CC(C)(C)[Si](C)(C)OS(=O)(=O)C(F)(F)F,False,True,True,False
CO[C@H]1C[C@@H]2CC[C@@H](C)[C@@](O)(O2)C(=O)C(=O)N2CCCC[C@H]2C(=O)C[C@H]([C@H](C)C[C@@H]2CC[C@@H](OCCO[Si](C)(C)C(C)C)[C@H](OC)C2)CC(=O)[C@H](C)/C=C(\C)[C@@H](O)[C@@H](OC)C(=O)[C@H](C)C[C@H](C)/C=C/C=C/C=C/1C,False,True,True,False
CO[C@H]1C[C@@H]2CC[C@@H](C)[C@@](O)(O2)C(=O)C(=O)N2CCCC[C@H]2C(=O)C[C@H]([C@H](C)C[C@@H]2CC[C@@H](OCCO[Si](c3ccccc3)(c3ccccc3)C(C)(C)C)[C@H](OC)C2)CC(=O)[C@H](C)/C=C(\C)[C@@H](O)[C@@H](OC)C(=O)[C@H](C)C[C@H](C)C/C=C/C=C/C=C/1C,False,True,True,False
CO[C@H]1C[C@@H]2CC[C@@H](C)[C@@](O)(O2)C(=O)C(=O)N2CCCC[C@H]2C(=O)C[C@H]([C@H](C)C[C@@H]2CC[C@@H](OCCO)[C@H](OC)C2)CC(=O)[C@H](C)/C=C(\C)[C@@H](O)[C@@H](OC)C(=O)[C@H](C)C[C@H](C)/C=C/C=C/C=C/1C,False,True,True,False
CO[C@H]1C[C@@H]2CC[C@@H](C)[C@@](O)(O2)C(=O)C(=O)N2CCCC[C@H]2C(=O)C[C@H]([C@H](C)C[C@@H]2CC[C@@H](OCCO[Si](c3ccccc3)(c3ccccc3)C(C)(C)C)[C@H](OC)C2)CC(=O)[C@H](C)/C=C(\C)[C@@H](O)[C@@H](OC)C(=O)[C@H](C)C[C@H](C)/C=C/C=C/C=C/1C,False,True,True,False
CO[C@H]1C[C@@H]2CC[C@@H](C)[C@@](O)(O2)C(=O)C(=O)N2CCCC[C@H]2C(=O)C[C@H]([C@H](C)C[C@@H]2CC[C@@H](OCCO[Si](C)(C)C(C)(C)C)[C@H](OC)C2)CC(=O)[C@H](C)/C=C(\C)[C@@H](O)[C@@H](OC)C(=O)[C@H](C)C[C@H](C)/C=C/C=C/C=C/1C,False,True,True,False
CO[C@H]1C[C@@H]2CC[C@@H](C)[C@@](O)(O2)C(=O)C(=O)N2CCCC[C@H]2C(=O)C[C@H]([C@H](C)C[C@@H]2CC[C@@H](O)[C@H](OC)C2)CC(=O)[C@H](C)/C=C(\C)[C@@H](O)[C@@H](OC)C(=O)[C@H](C)C[C@H](C)C/C=C/C=C/C=C/1C,False,True,True,False
CO[C@H]1C[C@@H]2CC[C@@H](C)[C@@](O)(O2)C(=O)C(=O)N2CCCC[C@H]2C(=O)C[C@H]([C@H](C)C[C@@H]2CC[C@@H](O)[C@H](OC)C2)CC(=O)[C@H](C)/C=C(\C)[C@@H](O)[C@@H](OC)C(=O)[C@H](C)C[C@H](C)/C=C/C=C/C=C/1C,False,True,True,False
CC(C)(C)[Si](OS(=O)(=O)C(F)(F)F)(c1ccccc1)c1ccccc1,False,True,True,False
CC(C)[Si](C)(C)OCCOS(=O)(=O)C(F)(F)F,False,True,True,False
CC(=O)OC[C@H]1O[C@@H](NC(=O)C[C@H](NC(=O)OCc2ccccc2)C(=O)N[C@H](N)Cc2ccccc2)[C@H](OC(C)=O)[C@@H](OC(C)=O)[C@@H]1OC(C)=O,False,True,True,False
COC(=O)[C@@H]1C[C@@H](n2cc([C@@H]3O[C@H](COC(C)=O)[C@@H](OC(C)=O)[C@H](OC(C)=O)[C@H]3OC(C)=O)nn2)CCN1C(=O)OCc1ccccc1,False,True,True,False
CC(C)[C@H](N)C(=O)NC(=O)[C@@H](N)Cc1ccccc1,False,True,True,False
CC(=O)OC[C@H]1O[C@@H](n2cc(C[C@H](N)C(=O)O)nn2)[C@H](OC(C)=O)[C@@H](OC(C)=O)[C@@H]1OC(C)=O,False,True,True,False
COC(=O)[C@@H]1CC[C@@H](OC(C)=O)[C@H](N=[N+]=[N-])N1C(=O)OCc1ccccc1,False,True,True,False
COC(=O)[C@@H]1C[C@H](n2cc([C@@H]3O[C@H](COC(C)=O)[C@@H](OC(C)=O)[C@H](OC(C)=O)[C@H]3OC(C)=O)nn2)CCN1C(=O)OCc1ccccc1,False,True,True,False
CC(=O)OC[C@H]1O[C@@H](n2cc(C[C@H](NC(=O)OCc3ccccc3)C(=O)N[C@@H](Cc3ccccc3)C(=O)NC(=O)[C@@H](N)C(C)C)nn2)[C@H](OC(C)=O)[C@@H](OC(C)=O)[C@@H]1OC(C)=O,False,True,True,False
CC(=O)OC[C@H]1O[C@@H](c2cn(C[C@H](NC(=O)OCC3c4ccccc4-c4ccccc43)C(=O)O)nn2)[C@H](OC(C)=O)[C@@H](OC(C)=O)[C@@H]1OC(C)=O,False,True,True,False
CC(=O)OC[C@H]1O[C@@H](NC(=O)C[C@H](NC(=O)OCc2ccccc2)C(=O)NCN)[C@H](OC(C)=O)[C@@H](OC(C)=O)[C@@H]1OC(C)=O,False,True,True,False
C#CC[C@H](N)C(=O)O,False,True,True,False
COC(=O)[C@@H](NC(=O)[C@H](Cc1cn([C@@H]2O[C@H](COC(C)=O)[C@@H](OC(C)=O)[C@H](OC(C)=O)[C@H]2OC(C)=O)nn1)NS(=O)(=O)c1ccc(C)cc1)c1cn([C@@H]2O[C@H](COC(C)=O)[C@@H](OC(C)=O)[C@H](OC(C)=O)[C@H]2OC(C)=O)nn1,False,True,True,False
COC(=O)[C@@H]1CC[C@@H](OC(C)=O)[C@H](n2cc([C@@H]3O[C@H](COCc4ccccc4)[C@@H](OCc4ccccc4)[C@H](OCc4ccccc4)[C@H]3OCc3ccccc3)nn2)N1C(=O)OCc1ccccc1,False,True,True,False
CC(=O)O[C@@H]1[C@H](OC(C)=O)[C@H](C)O[C@@H](Br)[C@H]1OC(C)=O,False,True,True,False
CC(=O)OC1O[C@@H](C)[C@@H](OC(C)=O)[C@@H](OC(C)=O)[C@@H]1OC(C)=O,False,True,True,False
C[C@@H]1OC(O)[C@@H](F)[C@H](O)[C@@H]1O,False,True,True,False
C[C@@H]1OC(O)[C@@H](O)[C@H](O)[C@@H]1O,False,True,True,False
COc1cccc(OC)c1,False,True,True,False
COc1ccc(CN(C)S(C)(=O)=O)cc1,False,True,True,False
O=C([O-])[C@@H](O)c1ccccc1,False,True,True,False
Cc1ccc(S(=O)(=O)[O-])cc1,False,True,True,False
CN[C@@H]1CCCC[C@H]1Nc1ccc(C(=O)Nc2ccc(F)c([C@@](C)(N)CS(=O)(=O)N(C)Cc3ccc(OC)cc3)c2)nc1,False,True,True,False
CNS(=O)(=O)C[C@](C)(N)c1cc(NC(=O)c2ccc(F)cn2)ccc1F,False,True,True,False
COc1ccc(CN(C)S(=O)(=O)C[C@](C)([NH3+])c2cc(Br)ccc2F)cc1,False,True,True,False
CN1C([NH3+])=N[C@](C)(c2cc(NC(=O)c3ccc(F)cn3)ccc2F)CS1(=O)=O,False,True,True,False
C/C(=N\[S@](=O)C(C)(C)C)c1cc(Br)ccc1F,False,True,True,False
CN[C@@H]1CCCC[C@H]1NC,False,True,True,False
CN1C(N)=N[C@](C)(c2cc(NC(=O)c3ccc(F)cn3)ccc2F)CS1(=O)=O,False,True,True,False
CC(C)NC(=O)N(C(=O)[C@H]([C@H](O)c1ccc2c(c1)OCCO2)N(Cc1ccccc1)Cc1ccccc1)C(C)C,False,True,True,False
CC(C)/N=C(\NC(C)C)OC(=O)[C@H]([C@H](O)c1ccc2c(c1)OCCO2)N(Cc1ccccc1)Cc1ccccc1,False,True,True,False
O=C(O)CC(O)(CC(=O)O)C(=O)[O-],False,True,True,False
O=C([O-])[C@H](O)[C@@H](O)C(=O)O,False,True,True,False
CN(C)C(=O)[C@H]1CC[C@H]([NH3+])[C@H](NC(=O)OC(C)(C)C)C1,False,True,True,False
O=S(=O)([O-])O,False,True,True,False
[Cl-],False,True,True,False
CC1(C)C2CCC1(CS(=O)(=O)[O-])C(=O)C2,False,True,True,False
CN(C)C(=O)[C@H]1CC=C[C@H](NC(=O)OC(C)(C)C)C1,False,True,True,False
C[NH+]1[CH-]Cc2nc(C(=O)O)sc2C1,False,True,True,False
[Cl],False,True,True,False
CN(C)C(=O)[C@H]1CC[C@@H](OS(C)(=O)=O)[C@H](NS(=O)(=O)NC(=O)OC(C)(C)C)C1,False,True,True,False
CN(C)C(=O)[C@H]1CC[C@@H](O)[C@H](NC(=O)OC(C)(C)C)C1,False,True,True,False
[Br-],False,True,True,False
CN(C)C(=O)[C@H]1CC[C@H](NC(=O)C(=O)Nc2ccc(Cl)cn2)[C@H](NC(=O)OC(C)(C)C)C1,False,True,True,False
O=C([O-])C(=O)O,False,True,True,False
CN(C)C(=O)[C@H]1CCC([NH3+])[C@@H](NC(=O)OC(C)(C)C)C1,False,True,True,False
CN1CCc2nc(C(=O)N[C@@H]3C[C@@H](C(=O)N(C)C)CC[C@@H]3[NH3+])sc2C1,False,True,True,False
CN(C)C(=O)[C@H]1CC[C@@H](O)[C@H]([NH3+])C1,False,True,True,False
COc1ccc(CCOC(c2ccccc2)(c2ccccc2)[C@H](Oc2nc(C)cc(C)n2)C(=O)O)cc1OC,False,True,True,False
C[C@H]([NH3+])c1ccc(Cl)cc1,False,True,True,False
CC(c1ccccc1)(c1ccccc1)[C@H](O)C(=O)[O-],False,True,True,False
COC(=O)C1CC1(c1ccccc1)c1ccccc1,False,True,True,False
COC(c1ccccc1)(c1ccccc1)[C@H](O)C(=O)[O-],False,True,True,False
CC(C=O)(c1ccccc1)c1ccccc1,False,True,True,False
Nc1ncnc2[nH]cnc12,False,True,True,False
CC(=O)O[C@@H]1C[C@@H](COC2(C)OC(=O)C(C)(C)O2)O[C@H]1n1cnc2c(N)ncnc21,False,True,True,False
CCOC(=O)CC(=O)C1CCCC1=O,False,True,True,False
O=C(O)CCCC(=O)C1=CC(C(=O)O)=CC1,False,True,True,False
CCOC(=O)CCCCC(=O)CC(=O)OCC,False,True,True,False
BrC1CCCCCC12OCCO2,False,True,True,False
O=C1CCCCC2(C1)OCCO2,False,True,True,False
OC1CCCCC2(C1)OCCO2,False,True,True,False
O=C1CCCCCC1,False,True,True,False
C1=CC2(CCCC1)OCCO2,False,True,True,False
COc1ccc(C(C)c2ccc(OC)c(Cl)c2)c(Cl)c1,False,True,True,False
CCOC(=O)C(c1ccc(OC)c(Cl)c1)c1ccc(OC)cc1Cl,False,True,True,False
CS(=O)(=O)[O][Bi]([O]S(C)(=O)=O)[O]S(C)(=O)=O,False,True,True,False
CS(=O)(=O)O,False,True,True,False
O=S(=O)([O][Bi]([O]S(=O)(=O)C(F)(F)F)[O]S(=O)(=O)C(F)(F)F)C(F)(F)F,False,True,True,False
O,True,True,True,False
COCCNSc1sc(Cl)cc1C(C)=O,False,True,True,False
CC(=O)c1cc(Cl)sc1S(N)=O,False,True,True,False
CCOC(=O)C[C@H]([NH3+])c1cc(Cl)cc(Br)c1O,False,True,True,False
O=C(O)[C@H]1c2ccccc2C(=O)N(CC(F)(F)F)[C@@H]1c1cccnc1,False,True,True,False
N#Cc1cc(NC(=O)[C@H]2c3ccccc3C(=O)N(CC(F)(F)F)[C@@H]2c2cccnc2)ccc1F,False,True,True,False
CC(C)CN1C(=O)c2ccccc2[C@H](C(=O)Nc2cccc(C#N)c2)[C@H]1c1cccs1,False,True,True,False
CCCP1(=O)OP(=O)(CCC)OP(=O)(CCC)O1,False,True,True,False
N#Cc1cc(NC(=O)[C@H]2c3ccccc3C(=O)N(CC(F)(F)F)[C@@H]2c2cn[nH]c2)ccc1F,False,True,True,False
COc1ccc(NC(=O)[C@H]2c3ccccc3C(=O)N(CC(C)C)[C@@H]2c2cccs2)cc1Cl,False,True,True,False
CC(C)CN1C(=O)c2ccccc2[C@@H](C(=O)O)[C@H]1c1cccs1,False,True,True,False
Cn1cc[nH+]c1,False,True,True,False
CC(C)CN1C(=O)c2ccccc2[C@@H](C(=O)Nc2cccc(C#N)c2)[C@H]1c1cccs1,False,True,True,False
COc1cc(OC)c(NC(=O)[C@H]2c3ccccc3C(=O)N(CC(C)C)[C@@H]2c2cccs2)cc1Cl,False,True,True,False
CC[NH+](CC)CC,False,True,True,False
CCCP(=O)([O-])OP(=O)(CCC)OP(=O)(CCC)OC(=O)[C@@H]1c2ccccc2C(=O)N(CC(C)C)[C@H]1c1cccs1,False,True,True,False
CCCP(=O)([O-])OP(=O)(CCC)OP(=O)(CCC)OC(=O)[C@H]1c2ccccc2C(=O)N(CC(C)C)[C@@H]1c1cccs1,False,True,True,False
CC(C)CN1C(=O)c2ccccc2[C@H](C(=O)O)[C@H]1c1cccs1,False,True,True,False
CCCP(=O)([O-])OP(=O)(CCC)OP(=O)([O-])CCC,False,True,True,False
CC(C)CN1C(=O)c2ccccc2C(=C=O)[C@H]1c1cccs1,False,True,True,False
CC(C)(C)OC(=O)N[C@@H](Cc1ccccc1)[C@@H](O)CN(N)Cc1ccc(-c2ccccn2)cc1,False,True,True,False
O=Cc1ccc(Br)cc1,False,True,True,False
CC(C)(C)OC(=O)N[C@H](C=O)Cc1ccccc1,False,True,True,False
C=C(C)[C@H]1CC[C@](C)(O)[C@@H](N2CCOCC2)C1,False,True,True,False
C=C(C)[C@H]1CC[C@@]2(C)O[C@H]2C1,False,True,True,False
O=C1CCc2ncccc2C1S(=O)(=O)c1ccc(F)cc1,False,True,True,False
[HH],False,True,True,False
[Mg],False,True,True,False
CC(=O)[C@H](C)O,False,True,True,False
[Ca],False,True,True,False
C[C@H]1OC(=O)[C@@H](C)OC1=O,False,True,True,False
C[C@@H]1OC(=O)[C@@H](C)OC1=O,False,True,True,False
C[C@H](O)C(=O)O[C@@H](C)C(=O)O,False,True,True,False
CC(=O)[C@@H](C)O,False,True,True,False
CC(C)=O,False,True,True,False
CC1(C)[C@H](C(=O)[O][Na])N2C(=O)[C@@H](CO)[C@H]2S1(=O)=O,False,True,True,False
CC1(C)[C@H](C(=O)OCc2ccccc2)C2C(=O)[C@@](Br)(CO)[C@H]2S1(=O)=O,False,True,True,False
CC1(C)[C@H](C(=O)[O][Na])N2C(=O)[C@H](CO)[C@H]2S1(=O)=O,False,True,True,False
CC1(C)[C@H](C(=O)OCc2ccccc2)N2C(=O)[C@](Br)(CO)[C@@H]2S1(=O)=O,False,True,True,False
CC1(C)[C@H](C(=O)OCc2ccccc2)C2C(=O)[C@@H](CO)[C@H]2S1(=O)=O,False,True,True,False
CC1(C)[C@H](C(=O)[O][Na])C2C(=O)C(Br)(Br)[C@H]2S1(=O)=O,False,True,True,False
CC1(C)[C@H](C(=O)OCc2ccccc2)C2C(=O)[C@](Br)(CO)[C@H]2S1(=O)=O,False,True,True,False
C=S1(=C)[C@@H]2[C@H](CO)C(=O)N2[C@@H](C(=O)O[C@H](C)OC(=O)c2ccccc2)C1(C)C,False,True,True,False
CC1(C)[C@H](C(=O)[O][Na])N2C(=O)C(Br)(Br)[C@H]2S1(=O)=O,False,True,True,False
CC1(C)[C@H](C(=O)OCc2ccccc2)N2C(=O)[C@@](Br)(CO)[C@@H]2S1(=O)=O,False,True,True,False
CC1(C)[C@H](C(=O)OCc2ccccc2)C2C(=O)C(Br)(Br)[C@H]2S1(=O)=O,False,True,True,False
C[NH+](C)CCCC1(c2ccc(F)cc2)OCc2cc(C#N)ccc21,False,True,True,False
Cc1ccc(C(=O)O[C@@H](C(=O)[O-])[C@@H](OC(=O)c2ccc(C)cc2)C(=O)O)cc1,False,True,True,False
COC(N(C)C)N1CCCC1,False,True,True,False
CNC,True,True,True,False
C1CCNCC1,False,True,True,False
CC(C)NC(C)C,False,True,True,False
COc1ccc(O/C(C#N)=C/N2CCC2)c(C(C)C)c1,False,True,True,False
CC(C)(C)O,False,True,True,False
COc1ccc(O/C(C#N)=C/Nc2ccccc2)c(C(C)C)c1,False,True,True,False
C1CNC1,False,True,True,False
CO,True,True,True,False
COc1ccc(O/C(C#N)=C/N(C(C)C)C(C)C)c(C(C)C)c1,False,True,True,False
COc1ccc(OCc2nc(N)nc(N)c2Oc2ccc(OC)cc2C(C)C)c(C(C)C)c1,False,True,True,False
COc1ccc(O/C(C#N)=C/N(C)C)c(C(C)C)c1,False,True,True,False
COc1ccc(O/C(C#N)=C/N2CCCCC2)c(C(C)C)c1,False,True,True,False
COc1ccc(O/C(C#N)=C/[O][K])c(C(C)C)c1,False,True,True,False
CN(C)C(OC(C)(C)C)N(C)C,False,True,True,False
C=CCN(CC=C)C(=O)CC(=O)[O][K],False,True,True,False
COc1ccc(-n2nc(C)cc(C(=O)C3C(=O)CCCC3=O)c2=O)cc1OC,False,True,True,False
COc1ccc(B(O)O)cc1OC,False,True,True,False
Cc1cc(Br)c([O][Na])nn1,False,True,True,False
[Na][O]Cl,False,True,True,False
CC(=O)CCC(=O)O,False,True,True,False
O=C1CCCC(=O)C1,False,True,True,False
O=C(c1cc(C(F)(F)F)cc(C(F)(F)F)c1)N1CCC(N2CCN(Cc3ccccc3)CC2)CC1Cc1ccccc1,False,True,True,False
Cc1cccc(C)c1NC(=O)CN1CCN(C2CCN(C(=O)OCc3ccccc3)[C@H](Cc3ccccc3)C2)CC1,False,True,True,False
Cc1cccc(C)c1NC(=O)CN1CCNCC1,False,True,True,False
Cc1cccc(C)c1NC(=O)CN1CCN(C2CCN(Cc3ccccc3)[C@H](Cc3ccccc3)C2)CC1,False,True,True,False
COC(=O)c1c(OCc2ccccc2)c(=O)c(C(=O)NCc2ccc(F)cc2F)cn1CC=O,False,True,True,False
COC(=O)c1cnc(C)c(OCc2ccccc2)c1OC(C)=O,False,True,True,False
Cc1ncc(Br)c(O)c1OCc1ccccc1,False,True,True,False
C[C@@H]1CCO[C@H]2Cn3cc(C(=O)NCc4ccc(F)cc4F)c(=O)c([O][Na])c3C(=O)N12,False,True,True,False
COC(=O)c1c[n+]([O-])c(C)c(OCc2ccccc2)c1OC(C)=O,False,True,True,False
C=CCn1cc(C(=O)NCc2ccc(F)cc2F)c(=O)c(OCc2ccccc2)c1C(=O)OC,False,True,True,False
O=C(NCc1ccc(F)cc1F)c1c[nH]c(CO)c(OCc2ccccc2)c1=O,False,True,True,False
COC(=O)c1cnc(C)c(OCc2ccccc2)c1O,False,True,True,False
COC(=O)c1cnc(COC(C)=O)c(OCc2ccccc2)c1OC(C)=O,False,True,True,False
COC(=O)c1[nH]cc(C(=O)NCc2ccc(F)cc2F)c(=O)c1OCc1ccccc1,False,True,True,False
COC(=O)c1c[nH]c(CO)c(OCc2ccccc2)c1=O,False,True,True,False
O=C(O)c1[nH]cc(C(=O)NCc2ccc(F)cc2F)c(=O)c1OCc1ccccc1,False,True,True,False
O=Cc1[nH]cc(C(=O)NCc2ccc(F)cc2F)c(=O)c1OCc1ccccc1,False,True,True,False
Cc1[nH]ccc(=O)c1OCc1ccccc1,False,True,True,False
OC(c1ccco1)C(O)c1ccco1,False,True,True,False
CC(=O)N1c2ccccc2[C@H](C)CC1(C)C,False,True,True,False
CCc1cc(C)cc(CC)c1B(O)c1c(CC)cc(C)cc1CC,False,True,True,False
CC(=O)N1c2ccccc2C(C)=CC1(C)C,False,True,True,False
CCc1cc(C)cc(CC)c1-c1cc(C)c2c([nH+]1)[C@@H](O)CC2,False,True,True,False
Cc1ccnc2c1CCC2,False,True,True,False
CCc1cc(C)cc(CC)c1,False,True,True,False
O=C1C[C@@H]2CCC1(CS(=O)(=O)[O-])C2,False,True,True,False
NCl,True,True,True,False
[NH4+],False,True,True,False
O=c1[nH]c2ccccc2o1,False,True,True,False
C1CC2OCCCN3C4CCNCC4C(C1)C23,False,True,True,False
O=c1oc2ccccc2n1CCCCl,False,True,True,False
O=c1oc2ccccc2n1CCCn1c(=O)oc2ccccc21,False,True,True,False
O=c1oc2ccccc2n1CCCBr,False,True,True,False
CCC(=O)O[C@]1(C(=O)SCO)[C@H](C)CC2C3C[C@H](F)C4=CC(=O)C=C[C@]4(C)[C@@]3(F)[C@@H](O)C[C@@]21C,False,True,True,False
CC(=O)OCC(=O)[C@@]1(O)[C@H](C)CC2C3C[C@H](F)C4=CC(=O)C=C[C@]4(C)[C@@]3(F)[C@@H](O)C[C@@]21C,False,True,True,False
CC(=O)[C@@]1(O)[C@H](C)CC2C3C[C@H](F)C4=CC(=O)C=C[C@]4(C)[C@@]3(F)[C@@H](O)C[C@@]21C,False,True,True,False
CCC(=O)O[C@]1(C(=O)S)[C@H](C)CC2C3C[C@H](F)C4=CC(=O)C=C[C@]4(C)[C@@]3(F)[C@@H](O)C[C@@]21C,False,True,True,False
CCC(=O)O[C@]1(C(=O)SCC(=O)O)[C@H](C)CC2C3C[C@H](F)C4=CC(=O)C=C[C@]4(C)[C@@]3(F)[C@@H](O)C[C@@]21C,False,True,True,False
CCC(=O)O[C@]1(C(=O)SCF)[C@H](C)CC2C3C[C@H](F)C4=CC(=O)C=C[C@]4(C)[C@@]3(F)[C@@H](O)C[C@@]21C,False,True,True,False
CCC(=O)O[C@]1(C(=O)O)[C@H](C)CC2C3C[C@H](F)C4=CC(=O)C=C[C@]4(C)[C@@]3(F)[C@@H](O)C[C@@]21C,False,True,True,False
C[C@@H]1CC2C3C[C@H](F)C4=CC(=O)C=C[C@]4(C)[C@@]3(F)[C@@H](O)C[C@]2(C)[C@@]1(O)C(=O)CI,False,True,True,False
CCC(=O)O[C@]1(C(=O)SC(=O)N(C)C)[C@H](C)CC2C3C[C@H](F)C4=CC(=O)C=C[C@]4(C)[C@@]3(F)[C@@H](O)C[C@@]21C,False,True,True,False
C[C@@H]1CC2C3C[C@H](F)C4=CC(=O)C=C[C@]4(C)[C@@]3(F)[C@@H](O)C[C@]2(C)[C@@]1(O)C(=O)O,False,True,True,False
CCC(=O)O[C@@]1(F)[C@H](C)CC2C3C[C@H](F)C4=CC(=O)C=C[C@]4(C)[C@@]3(F)[C@@H](O)C[C@@]21C,False,True,True,False
N#CC1=CC(=O)CCC1,False,True,True,False
COC(=O)[C@H]1C[C@@]2(C[C@@H]1C(=O)Oc1ccccc1)OCCC2(C)C,False,True,True,False
COC(=O)[C@@H](CC(=O)O)[C@H](CC(=O)O)C(=O)Oc1ccccc1,False,True,True,False
O=C1OC(=O)[C@@H]2CC=CC[C@H]12,False,True,True,False
BrCCBr,False,True,True,False
COC(=O)[C@H]1CC=CC[C@@H]1C(=O)Oc1ccccc1,False,True,True,False
COC(=O)[C@H]1CC(=O)C[C@@H]1C(=O)Oc1ccccc1,False,True,True,False
COC(=O)[C@H]1C[C@@]2(C[C@@H]1NC(=O)OCc1ccccc1)OCCC2(C)C,False,True,True,False
COC(=O)[C@H]1C[C@@](O)(C(C)(C)CCO)C[C@@H]1C(=O)Oc1ccccc1,False,True,True,False
C=CC(C)(C)C1(O)C[C@H](C(=O)OC)[C@@H](C(=O)Oc2ccccc2)C1,False,True,True,False
CC(C)(C)OC(=O)N1CCC[C@H](NC(=O)[C@H]2C[C@@]3(C[C@@H]2NC(=O)Oc2ccccc2)OCCC3(C)C)C1,False,True,True,False
COC(=O)[C@H]1CC=CC[C@@H]1C(=O)O,False,True,True,False
C=CC(C)(C)[C@]1(O)C[C@H](C(=O)OC)[C@@H](C(=O)Oc2ccccc2)C1,False,True,True,False
COC(=O)[C@@H]1CC(=O)C[C@H]1C(=O)OC,False,True,True,False
[Zn],False,True,True,False
CC(=O)Nc1ncc(-c2nc(N3CCOCC3)c3nc4n(c3n2)CCOC4(C)C)cn1,False,True,True,False
CC(C)(O)c1nc2c(N3CCOCC3)nc(Cl)nc2n1CCO,False,True,True,False
C[C@@H]1CCC2[C@@H](C)C(=O)O[C@@H]3O[C@@]4(C)CCC1[C@@]23OO4,False,True,True,False
CCCCCCCCCCCCCCCCCC(=O)NCCOCCOCC(=O)O,False,True,True,False
Nc1cc2nc3ccccc3oc-2cc1=O,False,True,True,False
CC(C)(C)c1ccc(N)c(O)c1,False,True,True,False
COc1ccc2[nH]c(=O)oc2c1,False,True,True,False
COc1ccc(N)c(O)c1,False,True,True,False
CC(C)(C)c1ccc2[nH]c(=O)oc2c1,False,True,True,False
C#CC(C)=O,False,True,True,False
C#C[C@](C)(O)CC(=O)N1C(=O)OC[C@H]1Cc1ccccc1,False,True,True,False
CC(=O)n1cc(C[C@H]2CCCN2C)c2cc(/C=C/S(=O)(=O)c3ccccc3)ccc21,False,True,True,False
COC(CS(=O)(=O)c1ccccc1)c1ccc2c(c1)c(C[C@H]1CCCN1C)cn2C(C)=O,False,True,True,False
O=C(Cl)CCCl,False,True,True,False
COc1ccccc1Cl,False,True,True,False
[Li][N](C)CCN(C)C,False,True,True,False
CC(=O)Nc1cc2c(cc1Cl)C1=CC(=O)[C@@H]3CC[C@@]1(C2)C3,False,True,True,False
COc1cc2c(cc1Cl)C(=O)C(CCF)C2,False,True,True,False
O=C1C(C(F)(F)F)=C2c3cc(Cl)c4[nH]nnc4c3C[C@@]23CC[C@@H]1C3,False,True,True,False
CC(=O)CC[C@@]1(CCOc2ccccc2)Cc2ccccc2C1=O,False,True,True,False
Nc1cc2c(cc1Cl)C1=C(C(F)(F)F)C(=O)[C@@H]3CC[C@@]1(C2)C3,False,True,True,False
Nc1c(Cl)cc2c(c1N)C[C@]13CC[C@H](C1)C(=O)C(C(F)(F)F)=C23,False,True,True,False
COc1cc2c(cc1Cl)C(=O)CC2,False,True,True,False
COc1cc2c(cc1Cl)C1=CC(=O)CC[C@@]1(CCF)C2,False,True,True,False
CC1(C)[C@@H]2CC[C@@]1(CS(=O)(=O)[O-])C(=O)C2,False,True,True,False
C[C@@H]1CC[C@@H](CO)C[NH2+]1,False,True,True,False
CC1(C)C2CCC1(CS(=O)(=O)O)C(=O)C2,False,True,True,False
OC[C@@H](O)[C@@H](O[C@H]1O[C@H](CO)[C@H](O)[C@H](O)[C@H]1O)[C@H](O)[C@@H](O)CO,False,True,True,False
OCC(O)C(O)C(O)[C@@H](O)CO,False,True,True,False
O=C(CO)C(O)C(O)C(O)CO,False,True,True,False
C[C@H](O)[C@H]1OC(=O)[C@@H](O)[C@@H]1O,False,True,True,False
OCC(O)C(O)C(O)[C@H](O)CO,False,True,True,False
COC(=O)c1cn(CC(OC)OC)c(C(=O)OC)c(OC)c1=O,False,True,True,False
CCOC(=O)c1cn(CC(OC)OC)c(C(=O)OCC)c(OC)c1=O,False,True,True,False
CCOC(=O)c1c(OC)c(=O)c(C(=O)O)cn1CC(OC)OC,False,True,True,False
COc1c2n(cc(C(=O)O)c1=O)C[C@@H]1OCC[C@@H](C)N1C2=O,False,True,True,False
C[C@H](CCOC(=O)c1cccnc1)n1ccn2cc(C(=O)NCc3ccc(F)cc3F)c(=O)c(OCc3ccccc3)c2c1=O,False,True,True,False
O=C(OCc1ccccc1)C(F)(F)F,False,True,True,False
COC(=O)c1c(OC)c(=O)c(C(=O)O)cn1CC(OC)OC,False,True,True,False
COc1c2n(cc(C(=O)NCc3ccc(F)cc3F)c1=O)C[C@@H]1OCC[C@@H](C)N1C2=O,False,True,True,False
COC(=O)c1occ(C)c(=O)c1OCc1ccccc1,False,True,True,False
Cc1nn(-c2ncccc2C=O)cc1C(C)N1CCC2(CC1)OCC(F)(F)c1cc(Cl)sc12,False,True,True,False
CC1(C)C(=O)N(Br)C(=O)N1Br,False,True,True,False
CCOC(=O)c1cccnc1-n1cc(Cc2c(Cl)sc3c2C(F)(F)COC32CCNCC2)c(C)n1,False,True,True,False
[2H]C1COC2(CCN(C(=O)OC(C)(C)C)CC2)c2sc(Cl)cc21,False,True,True,False
CCOC(=O)c1cccnc1-n1ccc(CN2CCC3(CC2)OCC(F)(F)c2cc(Cl)sc23)n1,False,True,True,False
Cc1n[nH]cc1C(C)N1CCC2(CC1)OCC(F)(F)c1cc(Cl)sc12,False,True,True,False
Cc1nn(-c2ncccc2CO)cc1C(C)N1CCC2(CC1)OCC(F)(F)c1cc(Cl)sc12,False,True,True,False
C=C(Cl)C#N,False,True,True,False
O=C([O][K])[C@@H](O)CN(CCOS(=O)(=O)[O][K])Cc1ccccc1,False,True,True,False
Cl,True,True,True,False
Cc1ccc(C(=O)O[C@H](C(=O)O)[C@H](OC(=O)c2ccc(C)cc2)C(=O)O)cc1,False,True,True,False
O=C([O][K])[C@@H](O)CN(CCOS(=O)(=O)[O-])Cc1ccccc1,False,True,True,False
O=C([O][K])[C@@H]1CO1,False,True,True,False
O=S(=O)(O)OCC[NH2+]Cc1ccccc1,False,True,True,False
NC12CC3CC(CC(C3)C1)C2,False,True,True,False
CC(C)(C)C(=O)CC(=O)NC12CC3CC(CC(C3)C1)C2,False,True,True,False
[NH3+]C1C2CC3CC(C2)CC1C3,False,True,True,False
CC(C)(C)c1nn(-c2ccc(C(=O)O)cc2)cc1C(=O)NC1C2CC3CC(C2)CC1C3,False,True,True,False
COC(=O)c1ccc(-n2cc(C(=O)NC3C4CC5CC(C4)CC3C5)c(C(C)(C)C)n2)cc1,False,True,True,False
CC(C)OC(=O)c1ccc(-n2cc(C(=O)NC3C4CC5CC(C4)CC3C5)c(C(C)(C)C)n2)cc1,False,True,True,False
CN(C)/C=C(/C(=O)NC12CC3CC(CC(C3)C1)C2)C(=O)C(C)(C)C,False,True,True,False
CC(C)(C)C(=O)/C(=N/Nc1ccc(C(=O)O)cc1)C(=O)NC12CC3CC(CC(C3)C1)C2,False,True,True,False
CC(C)(C)c1cc(C(=O)NC2C3CC4CC(C3)CC2C4)n(-c2ccc(C(=O)O)cc2)n1,False,True,True,False
C/C=C(/NC(=O)C(F)(F)F)c1ccnc(S(C)(=O)=O)c1,False,True,True,False
C/C=C(/NC(=O)CC)c1ccnc(S(C)(=O)=O)c1,False,True,True,False
C/C=C(/NC(=O)C(C)(C)C)c1ccnc(S(C)(=O)=O)c1,False,True,True,False
NC(=O)C(F)(F)F,False,True,True,False
C/C=C(/NC(=O)C(C)C)c1ccnc(S(C)(=O)=O)c1,False,True,True,False
CC/C(=N/O)c1ccnc(S(C)(=O)=O)c1,False,True,True,False
CCOC(=O)c1ccnc(Cl)c1,False,True,True,False
C/C=C(/NC(C)=O)c1ccnc(S(C)(=O)=O)c1,False,True,True,False
CC(=O)C[C@H]1CN(c2ccc(C3CCS(=O)(=O)CC3)c(F)c2)C(=O)O1,False,True,True,False
O=C(Nc1ccc(N2CCOCC2)c(F)c1)OC(=O)c1ccccc1,False,True,True,False
CC(C)(C)COC(=O)Nc1cc(F)c(N2CCS(=O)(=O)CC2)c(F)c1,False,True,True,False
Nc1ccccc1,False,True,True,False
CC(C)COC(=O)Nc1ccc(C2CCSCC2)cc1,False,True,True,False
CC(=O)C[C@H]1CN(c2ccc(N3CCOCC3)c(F)c2)C(=O)O1,False,True,True,False
CC(C)(C)OC(=O)NC[C@H]1CN(c2ccccc2)C(=O)O1,False,True,True,False
CC(=O)C[C@H]1CN(c2cccc(F)c2)C(=O)O1,False,True,True,False
CC(C)(C)OC(=O)NC[C@H]1CN(c2ccc(C3CCS(=O)(=O)CC3)c(F)c2)C(=O)O1,False,True,True,False
CC(=O)NC[C@@H]1CN(c2cc(F)c(N3CCS(=O)(=O)CC3)c(F)c2)C(=O)O1,False,True,True,False
CC(=O)NC[C@H](O)CCl,False,True,True,False
CC1(C)C2CC[C@@]1(CS(=O)(=O)O)C(=O)C2,False,True,True,False
COC(=O)Nc1ccc(N2CCOCC2)c(F)c1,False,True,True,False
CC(=O)C[C@H]1CN(c2ccc(C3CCSCC3)c(F)c2)C(=O)O1,False,True,True,False
CC(=O)N[C@H]1CN(c2ccc(C3=CCSCC3)c(F)c2)C(=O)O1,False,True,True,False
CC1=NC[C@H](CO)O1,False,True,True,False
CC(=O)C[C@H]1CN(c2ccc(C3=CCSCC3)c(F)c2)C(=O)O1,False,True,True,False
CC(=O)NC[C@H]1CO1,False,True,True,False
CC(C)(C)OC(=O)NC[C@H](O)CNc1ccccc1,False,True,True,False
CC(C)(C)OC(=O)NC[C@H]1CN(c2ccc(C3CCSCC3)c(F)c2)C(=O)O1,False,True,True,False
CC(=O)NC[C@H]1CN(c2ccc(C3CCS(=O)(=O)CC3)cc2)C(=O)O1,False,True,True,False
CC(=O)NC[C@H]1CN(c2ccc(C3=CCSCC3)cc2)C(=O)O1,False,True,True,False
CC[C@H]1CN=C(C)O1,False,True,True,False
CC(C)COC(=O)Nc1ccc(C2=CCSCC2)cc1,False,True,True,False
CCc1cccc(C)c1N,False,True,True,False
O=C1Nc2ccc(Cl)cc2[C@@](C#CC2CC2)(C(F)(F)F)N1,False,True,True,False
N#[N+]c1ccc(Br)cc1,False,True,True,False
N#[N+]c1ccc([N+](=O)[O-])cc1,False,True,True,False
COc1ccc(-c2cccc(C(F)(F)F)c2)cc1OC,False,True,True,False
COC(=O)c1ccc([N+]#N)cc1,False,True,True,False
N#[N+]c1cccc([N+](=O)[O-])c1,False,True,True,False
c1cc2c(cc1-c1ccc3c(c1)OCO3)OCO2,False,True,True,False
N#[N+]c1cccc(C(F)(F)F)c1,False,True,True,False
OB(O)c1ccccc1C(F)(F)F,False,True,True,False
N#[N+]c1ccc(C(F)(F)F)nc1,False,True,True,False
CC(C)(C)ON=O,False,True,True,False
F[B-](F)(F)[O+]1CCCC1,False,True,True,False
Cc1cc(=O)c2ccc([N+]#N)cc2o1,False,True,True,False
N#Cc1ccc([N+]#N)cc1,False,True,True,False
N#Cc1ccccc1[N+]#N,False,True,True,False
F[B-](F)(F)F,False,True,True,False
O=[N+]([O-])c1ccc(-c2ccccc2C(F)(F)F)cc1,False,True,True,False
N#[N+]c1ccc2c(c1)OCO2,False,True,True,False
C[NH+]1CCCC[C@@H]1CCc1ccccc1N,False,True,True,False
C[NH+]1CCCCC1/C=C/c1ccccc1[N+](=O)[O-],False,True,True,False
C[NH+]1CCCC[C@H]1CCc1ccccc1N,False,True,True,False
C[NH+]1CCCC[C@@H]1CCc1ccccc1NC(=O)/C=C/c1ccccc1,False,True,True,False
CC1(C)[C@@H](C(=O)O)CC[C@@]1(C)C(=O)[O-],False,True,True,False
O=C(O[C@@H](C(=O)[O-])[C@@H](OC(=O)c1ccccc1)C(=O)O)c1ccccc1,False,True,True,False
C[n+]1ccccc1CCc1ccccc1[N+](=O)[O-],False,True,True,False
C[NH+]1CCCCC1CCc1ccccc1N,False,True,True,False
O=C([O][Na])[C@H](O)c1ccccc1,False,True,True,False
c1ccc([C@@H]2CO2)cc1,False,True,True,False
CC(C)(C)OC(=O)N(CCc1ccc([N+](=O)[O-])cc1)C[C@H](O)c1ccccc1,False,True,True,False
O=[N+]([O-])c1ccc(CCNC[C@H](O)c2ccccc2)cc1,False,True,True,False
CC(C)(C)OC(=O)N(CCc1ccc(N)cc1)C[C@H](O)c1ccccc1,False,True,True,False
Nc1nc(CC(=O)Nc2ccc(CCNC[C@H](O)c3ccccc3)cc2)cs1,False,True,True,False
Nc1nc(CC(=O)O)cs1,False,True,True,False
CC(C)(C)OC(=O)N(CCc1ccc(NC(=O)Cc2csc(N)n2)cc1)C[C@H](O)c1ccccc1,False,True,True,False
Nc1ccc(CCNC[C@H](O)c2ccccc2)cc1,False,True,True,False
[3H]OCCC(c1ccccc1)c1cc(C)ccc1OC,False,True,True,False
COc1ccc(C)cc1C(CCN(C(C)C)C(C)C)c1ccccc1,False,True,True,False
CCN(CCC(c1ccccc1)c1cc(C)ccc1OC)C(C)C,False,True,True,False
COC(=O)CC(c1ccccc1)c1cc(C)ccc1OC,False,True,True,False
COc1ccc(C)cc1C(CCO)c1ccccc1,False,True,True,False
CC[C@@H](/C=C/I)OC(C)=O,False,True,True,False
C[C@H](NCC1=CC(Br)=CC1)C1CC1,False,True,True,False
C[C@@H](C1CC1)N1C[C@@]23C=C(Br)[C@@H](O2)[C@H](Br)[C@H]3C1=O,False,True,True,False
C[C@H]([NH2+]Cc1cc(Br)co1)C1CC1,False,True,True,False
COc1ccc(-n2nccc2N=C2C(=O)OC(C)(C)OC2=O)cc1,False,True,True,False
COc1ccc(-n2nccc2N)cc1,False,True,True,False
COc1ccc(-n2ncc3c(O)ccnc32)cc1,False,True,True,False
CCOC(=O)C1C(=O)Nc2c(cnn2-c2ccc(OC)cc2)C1=O,False,True,True,False
COc1ccc(-n2ncc3c(Cl)ccnc32)cc1,False,True,True,False
CCOC(=O)c1cnn(-c2ccc(OC)cc2)c1N,False,True,True,False
COc1ccc(-n2ncc3c(Cl)cc(Cl)nc32)cc1,False,True,True,False
COc1ccc(-n2ncc3c(O)cc(O)nc32)cc1,False,True,True,False
COc1ccc(CN[NH3+])cc1,False,True,True,False
CC1=CC(=O)N(c2ccccc2)[NH+]1C,False,True,True,False
CC(C)(C)OC(=O)NC(Cc1ccccc1)C(=O)O,False,True,True,False
O=C1c2ccccc2C(Cl)N1c1ccc2ccc(Cl)nc2n1,False,True,True,False
O=C1c2ccccc2C(=O)N1c1ccc2ccc(Cl)nc2n1,False,True,True,False
CCOC(=O)CC(O)C(=O)OCC,False,True,True,False
C/C(=C/CC(C)C)OP(Br)(c1ccccc1)(c1ccccc1)c1ccccc1,False,True,True,False
O=C([O-])C(F)(F)F,False,True,True,False
F[C@@H]1CCCC[C@H]1[NH+](Cc1ccccc1)Cc1ccccc1,False,True,True,False
CCOP1(F)=NP(F)(F)=NP(OCC)(OCC)=N1,False,True,True,False
C1CN(CC2CC2)CCN1,False,True,True,False
CCOC(=O)c1ccc(NS(=O)(=O)c2cccc3cccnc23)cc1,False,True,True,False
CCOC(=O)c1ccc(N)cc1,False,True,True,False
FC(F)(F)c1ccc(CCl)cn1,False,True,True,False
CC(c1ccc(C(F)(F)F)nc1)[S+](C)[O-],False,True,True,False
CS(=O)(Cc1ccc(C(F)(F)F)nc1)=NC#N,False,True,True,False
CSCc1ccc(C(F)(F)F)nc1,False,True,True,False
C/S(Cc1ccc(C(F)(F)F)nc1)=N\C#N,False,True,True,False
O=c1[nH]c2ccccc2n1CCCl,False,True,True,False
Cc1cccc(N2CCNCC2)c1,False,True,True,False
C=C(c1ccccc1)n1c(=O)[nH]c2ccccc21,False,True,True,False
C=C(c1ccccc1)n1c(=O)n(CCCl)c2ccccc21,False,True,True,False
COC(=O)CCO[C@@H](CN)CC(=O)OC,False,True,True,False
COC(=O)/C=C/O[C@H](CC(=O)OC)CN(Cc1ccccc1)Cc1ccccc1,False,True,True,False
COC(=O)C[C@@H](O)CN(Cc1ccccc1)Cc1ccccc1,False,True,True,False
[O-]/[N+](=N/c1cccc(I)c1)c1cccc(I)c1,False,True,True,False
[O-]/[N+](=N/c1cccc(Cl)c1)c1ccccc1Cl,False,True,True,False
COc1cccc(I)c1,False,True,True,False
[O-]/[N+](=N/c1cccc(Cl)c1)c1cccc(Cl)c1,False,True,True,False
Brc1cccc(/N=N\c2cccc(Br)c2)c1,False,True,True,False
COc1cccc(F)c1,False,True,True,False
[O-]/[N+](=N/c1cccc(Br)c1)c1cccc(Br)c1,False,True,True,False
Brc1cccc(/N=N\c2ccccc2Br)c1,False,True,True,False
Clc1cccc(/N=N\c2ccccc2Cl)c1,False,True,True,False
O=N[O][Na],False,True,True,False
Clc1cccc(/N=N\c2cccc(Cl)c2)c1,False,True,True,False
[O-]/[N+](=N/c1cccc(Br)c1)c1ccccc1Br,False,True,True,False
O=[N+]([O-])c1cccc(I)c1,False,True,True,False
O=[N+]([O-])c1ccccc1,False,True,True,False
Ic1cccc(/N=N\c2ccccc2I)c1,False,True,True,False
COc1cc([N+](=O)[O-])ccc1-c1ccco1,False,True,True,False
[Cl][Zn-2][Cl],False,True,True,False
O=C([O-])c1ccncc1F,False,True,True,False
CCOC(=O)Cc1ccccn1,False,True,True,False
NCc1ccccc1F,False,True,True,False
[N-]=[N+]=NCC(F)(F)c1ccccn1,False,True,True,False
CC(C)(C)OC(=O)NC=C1CN(C(=O)OC(C)(C)C)CC1=O,False,True,True,False
CON=C1CN(C(=O)OC(C)(C)C)CC1CNC(=O)OC(C)(C)C,False,True,True,False
CC(C)(C)OC(=O)N1CC(=O)C(=CN)C1,False,True,True,False
CC(C)(C)OC(=O)N1CC(=O)C(C#N)C1,False,True,True,False
CO/N=C1\CN(C(=O)OC(C)(C)C)CC1CNC(=O)OC(C)(C)C,False,True,True,False
CC(C)(C)OC(=O)NCC1CN(C(=O)OC(C)(C)C)CC1=O,False,True,True,False
COc1ccc(Br)cc1,False,True,True,False
CCOC(=O)C[C@@H](O)c1ccccc1,False,True,True,False
CN[C@H]1CC[C@]2(CC1)OC(=O)c1ccncc12,False,True,True,False
CCCCOC(=O)C(=O)NC(C)C(=O)O,False,True,True,False
CCCCOC(=O)C(=O)N[C@H](C)C(=O)O,False,True,True,False
CCOC(=O)N1Cc2ccncc2C1,False,True,True,False
O=C([O][Na])C(F)(F)Cl,False,True,True,False
C#CCN(Cc1cnccn1)C(=O)OCC,False,True,True,False
CCOC(=O)N1Cc2cccnc2C1,False,True,True,False
ClCc1cnccn1,False,True,True,False
C#CCNC(=O)OCC,False,True,True,False
[Na][Cl],False,True,True,False
Cc1cnccn1,False,True,True,False
N#C[S][K],False,True,True,False
[K],False,True,True,False
COc1cc(Cl)c(C(=O)O)cc1OC,False,True,True,False
