DOI,center,controls,stereo_type,BNN_status,BNN_value,BNN_smiles,BNN_CIP,Reaxys_status,Reaxys_value,Reaxys_smiles,Reaxys_CIP,classification,summary
acs.oprd.2c00146,3,"(2, 4, 5)",Atom_Tetrahedral,Unspecified,NoValue,C[C@@H]1OC(O)[C@@H](O)[C@H](O)[C@@H]1O,,Unspecified,NoValue,C[C@@H]1OC(O)[C@H](O)[C@H](O)[C@@H]1O,,Other,unspecified tetrahedral vs unspecified tetrahedral
acs.oprd.2c00146,7,"(5, 8, 9)",Atom_Tetrahedral,Specified,Tet_CCW,C[C@@H]1OC(O)[C@@H](O)[C@H](O)[C@@H]1O,R,Specified,Tet_CCW,C[C@@H]1OC(O)[C@H](O)[C@H](O)[C@@H]1O,R,Other,R tetrahedral vs R tetrahedral
acs.oprd.2c00146,5,"(3, 6, 7)",Atom_Tetrahedral,Specified,Tet_CW,C[C@@H]1OC(O)[C@@H](O)[C@H](O)[C@@H]1O,S,Specified,Tet_CCW,C[C@@H]1OC(O)[C@H](O)[C@H](O)[C@@H]1O,R,Reaxys R vs BNN S,S tetrahedral vs R tetrahedral
acs.oprd.2c00146,1,"(0, 2, 9)",Atom_Tetrahedral,Specified,Tet_CCW,C[C@@H]1OC(O)[C@@H](O)[C@H](O)[C@@H]1O,S,Specified,Tet_CCW,C[C@@H]1OC(O)[C@H](O)[C@H](O)[C@@H]1O,S,Other,S tetrahedral vs S tetrahedral
acs.oprd.2c00146,9,"(1, 7, 10)",Atom_Tetrahedral,Specified,Tet_CCW,C[C@@H]1OC(O)[C@@H](O)[C@H](O)[C@@H]1O,S,Specified,Tet_CCW,C[C@@H]1OC(O)[C@H](O)[C@H](O)[C@@H]1O,S,Other,S tetrahedral vs S tetrahedral
acs.oprd.7b00046,3,"(1, 4, 18)",Atom_Tetrahedral,Specified,Tet_CW,O=C(O)[C@H]1c2ccccc2C(=O)N(CC(F)(F)F)[C@@H]1c1cccnc1,S,Specified,Tet_CCW,O=C(O)[C@@H]1c2ccccc2C(=O)N(CC(F)(F)F)[C@H]1c1cccnc1,R,Reaxys R vs BNN S,S tetrahedral vs R tetrahedral
acs.oprd.7b00046,18,"(3, 12, 19)",Atom_Tetrahedral,Specified,Tet_CCW,O=C(O)[C@H]1c2ccccc2C(=O)N(CC(F)(F)F)[C@@H]1c1cccnc1,S,Specified,Tet_CW,O=C(O)[C@@H]1c2ccccc2C(=O)N(CC(F)(F)F)[C@H]1c1cccnc1,R,Reaxys R vs BNN S,S tetrahedral vs R tetrahedral
acs.oprd.7b00046,23,"(8, 17, 24)",Atom_Tetrahedral,Specified,Tet_CCW,N#Cc1cc(NC(=O)[C@H]2c3ccccc3C(=O)N(CC(F)(F)F)[C@@H]2c2cccnc2)ccc1F,S,Specified,Tet_CW,N#Cc1cc(NC(=O)[C@@H]2c3ccccc3C(=O)N(CC(F)(F)F)[C@H]2c2cccnc2)ccc1F,R,Reaxys R vs BNN S,S tetrahedral vs R tetrahedral
acs.oprd.7b00046,8,"(6, 9, 23)",Atom_Tetrahedral,Specified,Tet_CW,N#Cc1cc(NC(=O)[C@H]2c3ccccc3C(=O)N(CC(F)(F)F)[C@@H]2c2cccnc2)ccc1F,S,Specified,Tet_CCW,N#Cc1cc(NC(=O)[C@@H]2c3ccccc3C(=O)N(CC(F)(F)F)[C@H]2c2cccnc2)ccc1F,R,Reaxys R vs BNN S,S tetrahedral vs R tetrahedral
acs.oprd.7b00046,9,"(7, 10, 23)",Atom_Tetrahedral,Specified,Tet_CW,COc1ccc(NC(=O)[C@H]2c3ccccc3C(=O)N(CC(C)C)[C@@H]2c2cccs2)cc1Cl,S,Specified,Tet_CCW,COc1ccc(NC(=O)[C@@H]2c3ccccc3C(=O)N(CC(C)C)[C@H]2c2cccs2)cc1Cl,R,Reaxys R vs BNN S,S tetrahedral vs R tetrahedral
acs.oprd.7b00046,23,"(9, 18, 24)",Atom_Tetrahedral,Specified,Tet_CCW,COc1ccc(NC(=O)[C@H]2c3ccccc3C(=O)N(CC(C)C)[C@@H]2c2cccs2)cc1Cl,S,Specified,Tet_CW,COc1ccc(NC(=O)[C@@H]2c3ccccc3C(=O)N(CC(C)C)[C@H]2c2cccs2)cc1Cl,R,Reaxys R vs BNN S,S tetrahedral vs R tetrahedral
acs.oprd.7b00046,23,"(8, 17, 24)",Atom_Tetrahedral,Specified,Tet_CCW,N#Cc1cc(NC(=O)[C@H]2c3ccccc3C(=O)N(CC(F)(F)F)[C@@H]2c2cn[nH]c2)ccc1F,S,Specified,Tet_CW,N#Cc1cc(NC(=O)[C@@H]2c3ccccc3C(=O)N(CC(F)(F)F)[C@H]2c2cn[nH]c2)ccc1F,R,Reaxys R vs BNN S,S tetrahedral vs R tetrahedral
acs.oprd.7b00046,8,"(6, 9, 23)",Atom_Tetrahedral,Specified,Tet_CW,N#Cc1cc(NC(=O)[C@H]2c3ccccc3C(=O)N(CC(F)(F)F)[C@@H]2c2cn[nH]c2)ccc1F,S,Specified,Tet_CCW,N#Cc1cc(NC(=O)[C@@H]2c3ccccc3C(=O)N(CC(F)(F)F)[C@H]2c2cn[nH]c2)ccc1F,R,Reaxys R vs BNN S,S tetrahedral vs R tetrahedral
acs.oprd.7b00046,11,"(9, 12, 25)",Atom_Tetrahedral,Specified,Tet_CW,COc1cc(OC)c(NC(=O)[C@H]2c3ccccc3C(=O)N(CC(C)C)[C@@H]2c2cccs2)cc1Cl,S,Specified,Tet_CCW,COc1cc(OC)c(NC(=O)[C@@H]2c3ccccc3C(=O)N(CC(C)C)[C@H]2c2cccs2)cc1Cl,R,Reaxys R vs BNN S,S tetrahedral vs R tetrahedral
acs.oprd.7b00046,25,"(11, 20, 26)",Atom_Tetrahedral,Specified,Tet_CCW,COc1cc(OC)c(NC(=O)[C@H]2c3ccccc3C(=O)N(CC(C)C)[C@@H]2c2cccs2)cc1Cl,S,Specified,Tet_CW,COc1cc(OC)c(NC(=O)[C@@H]2c3ccccc3C(=O)N(CC(C)C)[C@H]2c2cccs2)cc1Cl,R,Reaxys R vs BNN S,S tetrahedral vs R tetrahedral
op5001226,16,"(15, 17, 34)",Atom_Tetrahedral,Unspecified,Fused ring,CCC(=O)O[C@]1(C(=O)SCC(=O)O)[C@H](C)CC2C3C[C@H](F)C4=CC(=O)C=C[C@]4(C)[C@@]3(F)[C@@H](O)C[C@@]21C,,Specified,Tet_CW,CCC(=O)O[C@]1(C(=O)SCC(=O)O)[C@H](C)C[C@H]2[C@@H]3C[C@H](F)C4=CC(=O)C=C[C@]4(C)[C@@]3(F)[C@@H](O)C[C@@]21C,S,Reaxys S vs BNN fused ring,fused ring tetrahedral vs S tetrahedral
op5001226,29,"(17, 27, 30, 31)",Atom_Tetrahedral,Specified,Tet_CCW,CCC(=O)O[C@]1(C(=O)SCC(=O)O)[C@H](C)CC2C3C[C@H](F)C4=CC(=O)C=C[C@]4(C)[C@@]3(F)[C@@H](O)C[C@@]21C,R,Specified,Tet_CCW,CCC(=O)O[C@]1(C(=O)SCC(=O)O)[C@H](C)C[C@H]2[C@@H]3C[C@H](F)C4=CC(=O)C=C[C@]4(C)[C@@]3(F)[C@@H](O)C[C@@]21C,R,Other,R tetrahedral vs R tetrahedral
op5001226,17,"(16, 18, 29)",Atom_Tetrahedral,Unspecified,Fused ring,CCC(=O)O[C@]1(C(=O)SCC(=O)O)[C@H](C)CC2C3C[C@H](F)C4=CC(=O)C=C[C@]4(C)[C@@]3(F)[C@@H](O)C[C@@]21C,,Specified,Tet_CCW,CCC(=O)O[C@]1(C(=O)SCC(=O)O)[C@H](C)C[C@H]2[C@@H]3C[C@H](F)C4=CC(=O)C=C[C@]4(C)[C@@]3(F)[C@@H](O)C[C@@]21C,S,Reaxys S vs BNN fused ring,fused ring tetrahedral vs S tetrahedral
op5001226,13,"(5, 14, 15)",Atom_Tetrahedral,Specified,Tet_CCW,CCC(=O)O[C@]1(C(=O)SCC(=O)O)[C@H](C)CC2C3C[C@H](F)C4=CC(=O)C=C[C@]4(C)[C@@]3(F)[C@@H](O)C[C@@]21C,R,Specified,Tet_CCW,CCC(=O)O[C@]1(C(=O)SCC(=O)O)[C@H](C)C[C@H]2[C@@H]3C[C@H](F)C4=CC(=O)C=C[C@]4(C)[C@@]3(F)[C@@H](O)C[C@@]21C,R,Other,R tetrahedral vs R tetrahedral
op5001226,31,"(29, 32, 33)",Atom_Tetrahedral,Specified,Tet_CW,CCC(=O)O[C@]1(C(=O)SCC(=O)O)[C@H](C)CC2C3C[C@H](F)C4=CC(=O)C=C[C@]4(C)[C@@]3(F)[C@@H](O)C[C@@]21C,S,Specified,Tet_CW,CCC(=O)O[C@]1(C(=O)SCC(=O)O)[C@H](C)C[C@H]2[C@@H]3C[C@H](F)C4=CC(=O)C=C[C@]4(C)[C@@]3(F)[C@@H](O)C[C@@]21C,S,Other,S tetrahedral vs S tetrahedral
op5001226,19,"(18, 20, 21)",Atom_Tetrahedral,Specified,Tet_CCW,CCC(=O)O[C@]1(C(=O)SCC(=O)O)[C@H](C)CC2C3C[C@H](F)C4=CC(=O)C=C[C@]4(C)[C@@]3(F)[C@@H](O)C[C@@]21C,S,Specified,Tet_CCW,CCC(=O)O[C@]1(C(=O)SCC(=O)O)[C@H](C)C[C@H]2[C@@H]3C[C@H](F)C4=CC(=O)C=C[C@]4(C)[C@@]3(F)[C@@H](O)C[C@@]21C,S,Other,S tetrahedral vs S tetrahedral
op5001226,5,"(4, 6, 13, 34)",Atom_Tetrahedral,Specified,Tet_CCW,CCC(=O)O[C@]1(C(=O)SCC(=O)O)[C@H](C)CC2C3C[C@H](F)C4=CC(=O)C=C[C@]4(C)[C@@]3(F)[C@@H](O)C[C@@]21C,R,Specified,Tet_CCW,CCC(=O)O[C@]1(C(=O)SCC(=O)O)[C@H](C)C[C@H]2[C@@H]3C[C@H](F)C4=CC(=O)C=C[C@]4(C)[C@@]3(F)[C@@H](O)C[C@@]21C,R,Other,R tetrahedral vs R tetrahedral
op5001226,34,"(5, 16, 33, 35)",Atom_Tetrahedral,Specified,Tet_CCW,CCC(=O)O[C@]1(C(=O)SCC(=O)O)[C@H](C)CC2C3C[C@H](F)C4=CC(=O)C=C[C@]4(C)[C@@]3(F)[C@@H](O)C[C@@]21C,S,Specified,Tet_CCW,CCC(=O)O[C@]1(C(=O)SCC(=O)O)[C@H](C)C[C@H]2[C@@H]3C[C@H](F)C4=CC(=O)C=C[C@]4(C)[C@@]3(F)[C@@H](O)C[C@@]21C,S,Other,S tetrahedral vs S tetrahedral
op5001226,27,"(21, 26, 28, 29)",Atom_Tetrahedral,Specified,Tet_CW,CCC(=O)O[C@]1(C(=O)SCC(=O)O)[C@H](C)CC2C3C[C@H](F)C4=CC(=O)C=C[C@]4(C)[C@@]3(F)[C@@H](O)C[C@@]21C,S,Specified,Tet_CW,CCC(=O)O[C@]1(C(=O)SCC(=O)O)[C@H](C)C[C@H]2[C@@H]3C[C@H](F)C4=CC(=O)C=C[C@]4(C)[C@@]3(F)[C@@H](O)C[C@@]21C,S,Other,S tetrahedral vs S tetrahedral
op5001226,9,"(5, 10, 11)",Atom_Tetrahedral,Specified,Tet_CCW,CCC(=O)O[C@]1(C(=O)O)[C@H](C)CC2C3C[C@H](F)C4=CC(=O)C=C[C@]4(C)[C@@]3(F)[C@@H](O)C[C@@]21C,R,Specified,Tet_CCW,CCC(=O)O[C@]1(C(=O)O)[C@H](C)C[C@H]2[C@@H]3C[C@H](F)C4=CC(=O)C=C[C@]4(C)[C@@]3(F)[C@@H](O)C[C@@]21C,R,Other,R tetrahedral vs R tetrahedral
op5001226,15,"(14, 16, 17)",Atom_Tetrahedral,Specified,Tet_CCW,CCC(=O)O[C@]1(C(=O)O)[C@H](C)CC2C3C[C@H](F)C4=CC(=O)C=C[C@]4(C)[C@@]3(F)[C@@H](O)C[C@@]21C,S,Specified,Tet_CCW,CCC(=O)O[C@]1(C(=O)O)[C@H](C)C[C@H]2[C@@H]3C[C@H](F)C4=CC(=O)C=C[C@]4(C)[C@@]3(F)[C@@H](O)C[C@@]21C,S,Other,S tetrahedral vs S tetrahedral
op5001226,27,"(25, 28, 29)",Atom_Tetrahedral,Specified,Tet_CW,CCC(=O)O[C@]1(C(=O)O)[C@H](C)CC2C3C[C@H](F)C4=CC(=O)C=C[C@]4(C)[C@@]3(F)[C@@H](O)C[C@@]21C,S,Specified,Tet_CW,CCC(=O)O[C@]1(C(=O)O)[C@H](C)C[C@H]2[C@@H]3C[C@H](F)C4=CC(=O)C=C[C@]4(C)[C@@]3(F)[C@@H](O)C[C@@]21C,S,Other,S tetrahedral vs S tetrahedral
op5001226,23,"(17, 22, 24, 25)",Atom_Tetrahedral,Specified,Tet_CW,CCC(=O)O[C@]1(C(=O)O)[C@H](C)CC2C3C[C@H](F)C4=CC(=O)C=C[C@]4(C)[C@@]3(F)[C@@H](O)C[C@@]21C,S,Specified,Tet_CW,CCC(=O)O[C@]1(C(=O)O)[C@H](C)C[C@H]2[C@@H]3C[C@H](F)C4=CC(=O)C=C[C@]4(C)[C@@]3(F)[C@@H](O)C[C@@]21C,S,Other,S tetrahedral vs S tetrahedral
op5001226,25,"(13, 23, 26, 27)",Atom_Tetrahedral,Specified,Tet_CCW,CCC(=O)O[C@]1(C(=O)O)[C@H](C)CC2C3C[C@H](F)C4=CC(=O)C=C[C@]4(C)[C@@]3(F)[C@@H](O)C[C@@]21C,R,Specified,Tet_CCW,CCC(=O)O[C@]1(C(=O)O)[C@H](C)C[C@H]2[C@@H]3C[C@H](F)C4=CC(=O)C=C[C@]4(C)[C@@]3(F)[C@@H](O)C[C@@]21C,R,Other,R tetrahedral vs R tetrahedral
op5001226,12,"(11, 13, 30)",Atom_Tetrahedral,Unspecified,Fused ring,CCC(=O)O[C@]1(C(=O)O)[C@H](C)CC2C3C[C@H](F)C4=CC(=O)C=C[C@]4(C)[C@@]3(F)[C@@H](O)C[C@@]21C,,Specified,Tet_CW,CCC(=O)O[C@]1(C(=O)O)[C@H](C)C[C@H]2[C@@H]3C[C@H](F)C4=CC(=O)C=C[C@]4(C)[C@@]3(F)[C@@H](O)C[C@@]21C,S,Reaxys S vs BNN fused ring,fused ring tetrahedral vs S tetrahedral
op5001226,30,"(5, 12, 29, 31)",Atom_Tetrahedral,Specified,Tet_CCW,CCC(=O)O[C@]1(C(=O)O)[C@H](C)CC2C3C[C@H](F)C4=CC(=O)C=C[C@]4(C)[C@@]3(F)[C@@H](O)C[C@@]21C,S,Specified,Tet_CCW,CCC(=O)O[C@]1(C(=O)O)[C@H](C)C[C@H]2[C@@H]3C[C@H](F)C4=CC(=O)C=C[C@]4(C)[C@@]3(F)[C@@H](O)C[C@@]21C,S,Other,S tetrahedral vs S tetrahedral
op5001226,5,"(4, 6, 9, 30)",Atom_Tetrahedral,Specified,Tet_CCW,CCC(=O)O[C@]1(C(=O)O)[C@H](C)CC2C3C[C@H](F)C4=CC(=O)C=C[C@]4(C)[C@@]3(F)[C@@H](O)C[C@@]21C,R,Specified,Tet_CCW,CCC(=O)O[C@]1(C(=O)O)[C@H](C)C[C@H]2[C@@H]3C[C@H](F)C4=CC(=O)C=C[C@]4(C)[C@@]3(F)[C@@H](O)C[C@@]21C,R,Other,R tetrahedral vs R tetrahedral
op5001226,13,"(12, 14, 25)",Atom_Tetrahedral,Unspecified,Fused ring,CCC(=O)O[C@]1(C(=O)O)[C@H](C)CC2C3C[C@H](F)C4=CC(=O)C=C[C@]4(C)[C@@]3(F)[C@@H](O)C[C@@]21C,,Specified,Tet_CCW,CCC(=O)O[C@]1(C(=O)O)[C@H](C)C[C@H]2[C@@H]3C[C@H](F)C4=CC(=O)C=C[C@]4(C)[C@@]3(F)[C@@H](O)C[C@@]21C,S,Reaxys S vs BNN fused ring,fused ring tetrahedral vs S tetrahedral
op5001226,6,"(5, 7, 8)",Atom_Tetrahedral,Specified,Tet_CCW,C[C@@H]1CC2C3C[C@H](F)C4=CC(=O)C=C[C@]4(C)[C@@]3(F)[C@@H](O)C[C@]2(C)[C@@]1(O)C(=O)O,S,Specified,Tet_CCW,C[C@@H]1C[C@H]2[C@@H]3C[C@H](F)C4=CC(=O)C=C[C@]4(C)[C@@]3(F)[C@@H](O)C[C@]2(C)[C@@]1(O)C(=O)O,S,Other,S tetrahedral vs S tetrahedral
op5001226,1,"(0, 2, 23)",Atom_Tetrahedral,Specified,Tet_CCW,C[C@@H]1CC2C3C[C@H](F)C4=CC(=O)C=C[C@]4(C)[C@@]3(F)[C@@H](O)C[C@]2(C)[C@@]1(O)C(=O)O,R,Specified,Tet_CCW,C[C@@H]1C[C@H]2[C@@H]3C[C@H](F)C4=CC(=O)C=C[C@]4(C)[C@@]3(F)[C@@H](O)C[C@]2(C)[C@@]1(O)C(=O)O,R,Other,R tetrahedral vs R tetrahedral
op5001226,3,"(2, 4, 21)",Atom_Tetrahedral,Unspecified,Fused ring,C[C@@H]1CC2C3C[C@H](F)C4=CC(=O)C=C[C@]4(C)[C@@]3(F)[C@@H](O)C[C@]2(C)[C@@]1(O)C(=O)O,,Specified,Tet_CW,C[C@@H]1C[C@H]2[C@@H]3C[C@H](F)C4=CC(=O)C=C[C@]4(C)[C@@]3(F)[C@@H](O)C[C@]2(C)[C@@]1(O)C(=O)O,S,Reaxys S vs BNN fused ring,fused ring tetrahedral vs S tetrahedral
op5001226,16,"(4, 14, 17, 18)",Atom_Tetrahedral,Specified,Tet_CCW,C[C@@H]1CC2C3C[C@H](F)C4=CC(=O)C=C[C@]4(C)[C@@]3(F)[C@@H](O)C[C@]2(C)[C@@]1(O)C(=O)O,R,Specified,Tet_CCW,C[C@@H]1C[C@H]2[C@@H]3C[C@H](F)C4=CC(=O)C=C[C@]4(C)[C@@]3(F)[C@@H](O)C[C@]2(C)[C@@]1(O)C(=O)O,R,Other,R tetrahedral vs R tetrahedral
op5001226,18,"(16, 19, 20)",Atom_Tetrahedral,Specified,Tet_CW,C[C@@H]1CC2C3C[C@H](F)C4=CC(=O)C=C[C@]4(C)[C@@]3(F)[C@@H](O)C[C@]2(C)[C@@]1(O)C(=O)O,S,Specified,Tet_CW,C[C@@H]1C[C@H]2[C@@H]3C[C@H](F)C4=CC(=O)C=C[C@]4(C)[C@@]3(F)[C@@H](O)C[C@]2(C)[C@@]1(O)C(=O)O,S,Other,S tetrahedral vs S tetrahedral
op5001226,23,"(1, 21, 24, 25)",Atom_Tetrahedral,Specified,Tet_CCW,C[C@@H]1CC2C3C[C@H](F)C4=CC(=O)C=C[C@]4(C)[C@@]3(F)[C@@H](O)C[C@]2(C)[C@@]1(O)C(=O)O,R,Specified,Tet_CCW,C[C@@H]1C[C@H]2[C@@H]3C[C@H](F)C4=CC(=O)C=C[C@]4(C)[C@@]3(F)[C@@H](O)C[C@]2(C)[C@@]1(O)C(=O)O,R,Other,R tetrahedral vs R tetrahedral
op5001226,21,"(3, 20, 22, 23)",Atom_Tetrahedral,Specified,Tet_CW,C[C@@H]1CC2C3C[C@H](F)C4=CC(=O)C=C[C@]4(C)[C@@]3(F)[C@@H](O)C[C@]2(C)[C@@]1(O)C(=O)O,S,Specified,Tet_CW,C[C@@H]1C[C@H]2[C@@H]3C[C@H](F)C4=CC(=O)C=C[C@]4(C)[C@@]3(F)[C@@H](O)C[C@]2(C)[C@@]1(O)C(=O)O,S,Other,S tetrahedral vs S tetrahedral
op5001226,14,"(8, 13, 15, 16)",Atom_Tetrahedral,Specified,Tet_CW,C[C@@H]1CC2C3C[C@H](F)C4=CC(=O)C=C[C@]4(C)[C@@]3(F)[C@@H](O)C[C@]2(C)[C@@]1(O)C(=O)O,S,Specified,Tet_CW,C[C@@H]1C[C@H]2[C@@H]3C[C@H](F)C4=CC(=O)C=C[C@]4(C)[C@@]3(F)[C@@H](O)C[C@]2(C)[C@@]1(O)C(=O)O,S,Other,S tetrahedral vs S tetrahedral
op5001226,4,"(3, 5, 16)",Atom_Tetrahedral,Unspecified,Fused ring,C[C@@H]1CC2C3C[C@H](F)C4=CC(=O)C=C[C@]4(C)[C@@]3(F)[C@@H](O)C[C@]2(C)[C@@]1(O)C(=O)O,,Specified,Tet_CCW,C[C@@H]1C[C@H]2[C@@H]3C[C@H](F)C4=CC(=O)C=C[C@]4(C)[C@@]3(F)[C@@H](O)C[C@]2(C)[C@@]1(O)C(=O)O,S,Reaxys S vs BNN fused ring,fused ring tetrahedral vs S tetrahedral
op5001226,11,"(10, 12, 13)",Atom_Tetrahedral,Specified,Tet_CCW,CC(=O)[C@@]1(O)[C@H](C)CC2C3C[C@H](F)C4=CC(=O)C=C[C@]4(C)[C@@]3(F)[C@@H](O)C[C@@]21C,S,Specified,Tet_CCW,CC(=O)[C@@]1(O)[C@H](C)C[C@H]2[C@@H]3C[C@H](F)C4=CC(=O)C=C[C@]4(C)[C@@]3(F)[C@@H](O)C[C@@]21C,S,Other,S tetrahedral vs S tetrahedral
op5001226,21,"(9, 19, 22, 23)",Atom_Tetrahedral,Specified,Tet_CCW,CC(=O)[C@@]1(O)[C@H](C)CC2C3C[C@H](F)C4=CC(=O)C=C[C@]4(C)[C@@]3(F)[C@@H](O)C[C@@]21C,R,Specified,Tet_CCW,CC(=O)[C@@]1(O)[C@H](C)C[C@H]2[C@@H]3C[C@H](F)C4=CC(=O)C=C[C@]4(C)[C@@]3(F)[C@@H](O)C[C@@]21C,R,Other,R tetrahedral vs R tetrahedral
op5001226,26,"(3, 8, 25, 27)",Atom_Tetrahedral,Specified,Tet_CCW,CC(=O)[C@@]1(O)[C@H](C)CC2C3C[C@H](F)C4=CC(=O)C=C[C@]4(C)[C@@]3(F)[C@@H](O)C[C@@]21C,S,Specified,Tet_CCW,CC(=O)[C@@]1(O)[C@H](C)C[C@H]2[C@@H]3C[C@H](F)C4=CC(=O)C=C[C@]4(C)[C@@]3(F)[C@@H](O)C[C@@]21C,S,Other,S tetrahedral vs S tetrahedral
op5001226,23,"(21, 24, 25)",Atom_Tetrahedral,Specified,Tet_CW,CC(=O)[C@@]1(O)[C@H](C)CC2C3C[C@H](F)C4=CC(=O)C=C[C@]4(C)[C@@]3(F)[C@@H](O)C[C@@]21C,S,Specified,Tet_CW,CC(=O)[C@@]1(O)[C@H](C)C[C@H]2[C@@H]3C[C@H](F)C4=CC(=O)C=C[C@]4(C)[C@@]3(F)[C@@H](O)C[C@@]21C,S,Other,S tetrahedral vs S tetrahedral
op5001226,19,"(13, 18, 20, 21)",Atom_Tetrahedral,Specified,Tet_CW,CC(=O)[C@@]1(O)[C@H](C)CC2C3C[C@H](F)C4=CC(=O)C=C[C@]4(C)[C@@]3(F)[C@@H](O)C[C@@]21C,S,Specified,Tet_CW,CC(=O)[C@@]1(O)[C@H](C)C[C@H]2[C@@H]3C[C@H](F)C4=CC(=O)C=C[C@]4(C)[C@@]3(F)[C@@H](O)C[C@@]21C,S,Other,S tetrahedral vs S tetrahedral
op5001226,5,"(3, 6, 7)",Atom_Tetrahedral,Specified,Tet_CCW,CC(=O)[C@@]1(O)[C@H](C)CC2C3C[C@H](F)C4=CC(=O)C=C[C@]4(C)[C@@]3(F)[C@@H](O)C[C@@]21C,R,Specified,Tet_CCW,CC(=O)[C@@]1(O)[C@H](C)C[C@H]2[C@@H]3C[C@H](F)C4=CC(=O)C=C[C@]4(C)[C@@]3(F)[C@@H](O)C[C@@]21C,R,Other,R tetrahedral vs R tetrahedral
op5001226,3,"(1, 4, 5, 26)",Atom_Tetrahedral,Specified,Tet_CW,CC(=O)[C@@]1(O)[C@H](C)CC2C3C[C@H](F)C4=CC(=O)C=C[C@]4(C)[C@@]3(F)[C@@H](O)C[C@@]21C,R,Specified,Tet_CW,CC(=O)[C@@]1(O)[C@H](C)C[C@H]2[C@@H]3C[C@H](F)C4=CC(=O)C=C[C@]4(C)[C@@]3(F)[C@@H](O)C[C@@]21C,R,Other,R tetrahedral vs R tetrahedral
op5001226,9,"(8, 10, 21)",Atom_Tetrahedral,Unspecified,Fused ring,CC(=O)[C@@]1(O)[C@H](C)CC2C3C[C@H](F)C4=CC(=O)C=C[C@]4(C)[C@@]3(F)[C@@H](O)C[C@@]21C,,Specified,Tet_CCW,CC(=O)[C@@]1(O)[C@H](C)C[C@H]2[C@@H]3C[C@H](F)C4=CC(=O)C=C[C@]4(C)[C@@]3(F)[C@@H](O)C[C@@]21C,S,Reaxys S vs BNN fused ring,fused ring tetrahedral vs S tetrahedral
op5001226,8,"(7, 9, 26)",Atom_Tetrahedral,Unspecified,Fused ring,CC(=O)[C@@]1(O)[C@H](C)CC2C3C[C@H](F)C4=CC(=O)C=C[C@]4(C)[C@@]3(F)[C@@H](O)C[C@@]21C,,Specified,Tet_CW,CC(=O)[C@@]1(O)[C@H](C)C[C@H]2[C@@H]3C[C@H](F)C4=CC(=O)C=C[C@]4(C)[C@@]3(F)[C@@H](O)C[C@@]21C,S,Reaxys S vs BNN fused ring,fused ring tetrahedral vs S tetrahedral
op5001226,9,"(5, 10, 11)",Atom_Tetrahedral,Specified,Tet_CCW,CCC(=O)O[C@]1(C(=O)S)[C@H](C)CC2C3C[C@H](F)C4=CC(=O)C=C[C@]4(C)[C@@]3(F)[C@@H](O)C[C@@]21C,R,Specified,Tet_CCW,CCC(=O)O[C@]1(C(=O)S)[C@H](C)C[C@H]2[C@@H]3C[C@H](F)C4=CC(=O)C=C[C@]4(C)[C@@]3(F)[C@@H](O)C[C@@]21C,R,Other,R tetrahedral vs R tetrahedral
op5001226,27,"(25, 28, 29)",Atom_Tetrahedral,Specified,Tet_CW,CCC(=O)O[C@]1(C(=O)S)[C@H](C)CC2C3C[C@H](F)C4=CC(=O)C=C[C@]4(C)[C@@]3(F)[C@@H](O)C[C@@]21C,S,Specified,Tet_CW,CCC(=O)O[C@]1(C(=O)S)[C@H](C)C[C@H]2[C@@H]3C[C@H](F)C4=CC(=O)C=C[C@]4(C)[C@@]3(F)[C@@H](O)C[C@@]21C,S,Other,S tetrahedral vs S tetrahedral
op5001226,23,"(17, 22, 24, 25)",Atom_Tetrahedral,Specified,Tet_CW,CCC(=O)O[C@]1(C(=O)S)[C@H](C)CC2C3C[C@H](F)C4=CC(=O)C=C[C@]4(C)[C@@]3(F)[C@@H](O)C[C@@]21C,S,Specified,Tet_CW,CCC(=O)O[C@]1(C(=O)S)[C@H](C)C[C@H]2[C@@H]3C[C@H](F)C4=CC(=O)C=C[C@]4(C)[C@@]3(F)[C@@H](O)C[C@@]21C,S,Other,S tetrahedral vs S tetrahedral
op5001226,25,"(13, 23, 26, 27)",Atom_Tetrahedral,Specified,Tet_CCW,CCC(=O)O[C@]1(C(=O)S)[C@H](C)CC2C3C[C@H](F)C4=CC(=O)C=C[C@]4(C)[C@@]3(F)[C@@H](O)C[C@@]21C,R,Specified,Tet_CCW,CCC(=O)O[C@]1(C(=O)S)[C@H](C)C[C@H]2[C@@H]3C[C@H](F)C4=CC(=O)C=C[C@]4(C)[C@@]3(F)[C@@H](O)C[C@@]21C,R,Other,R tetrahedral vs R tetrahedral
op5001226,12,"(11, 13, 30)",Atom_Tetrahedral,Unspecified,Fused ring,CCC(=O)O[C@]1(C(=O)S)[C@H](C)CC2C3C[C@H](F)C4=CC(=O)C=C[C@]4(C)[C@@]3(F)[C@@H](O)C[C@@]21C,,Specified,Tet_CW,CCC(=O)O[C@]1(C(=O)S)[C@H](C)C[C@H]2[C@@H]3C[C@H](F)C4=CC(=O)C=C[C@]4(C)[C@@]3(F)[C@@H](O)C[C@@]21C,S,Reaxys S vs BNN fused ring,fused ring tetrahedral vs S tetrahedral
op5001226,5,"(4, 6, 9, 30)",Atom_Tetrahedral,Specified,Tet_CCW,CCC(=O)O[C@]1(C(=O)S)[C@H](C)CC2C3C[C@H](F)C4=CC(=O)C=C[C@]4(C)[C@@]3(F)[C@@H](O)C[C@@]21C,R,Specified,Tet_CCW,CCC(=O)O[C@]1(C(=O)S)[C@H](C)C[C@H]2[C@@H]3C[C@H](F)C4=CC(=O)C=C[C@]4(C)[C@@]3(F)[C@@H](O)C[C@@]21C,R,Other,R tetrahedral vs R tetrahedral
op5001226,30,"(5, 12, 29, 31)",Atom_Tetrahedral,Specified,Tet_CCW,CCC(=O)O[C@]1(C(=O)S)[C@H](C)CC2C3C[C@H](F)C4=CC(=O)C=C[C@]4(C)[C@@]3(F)[C@@H](O)C[C@@]21C,S,Specified,Tet_CCW,CCC(=O)O[C@]1(C(=O)S)[C@H](C)C[C@H]2[C@@H]3C[C@H](F)C4=CC(=O)C=C[C@]4(C)[C@@]3(F)[C@@H](O)C[C@@]21C,S,Other,S tetrahedral vs S tetrahedral
op5001226,15,"(14, 16, 17)",Atom_Tetrahedral,Specified,Tet_CCW,CCC(=O)O[C@]1(C(=O)S)[C@H](C)CC2C3C[C@H](F)C4=CC(=O)C=C[C@]4(C)[C@@]3(F)[C@@H](O)C[C@@]21C,S,Specified,Tet_CCW,CCC(=O)O[C@]1(C(=O)S)[C@H](C)C[C@H]2[C@@H]3C[C@H](F)C4=CC(=O)C=C[C@]4(C)[C@@]3(F)[C@@H](O)C[C@@]21C,S,Other,S tetrahedral vs S tetrahedral
op5001226,13,"(12, 14, 25)",Atom_Tetrahedral,Unspecified,Fused ring,CCC(=O)O[C@]1(C(=O)S)[C@H](C)CC2C3C[C@H](F)C4=CC(=O)C=C[C@]4(C)[C@@]3(F)[C@@H](O)C[C@@]21C,,Specified,Tet_CCW,CCC(=O)O[C@]1(C(=O)S)[C@H](C)C[C@H]2[C@@H]3C[C@H](F)C4=CC(=O)C=C[C@]4(C)[C@@]3(F)[C@@H](O)C[C@@]21C,S,Reaxys S vs BNN fused ring,fused ring tetrahedral vs S tetrahedral
op5001226,29,"(27, 30, 31)",Atom_Tetrahedral,Specified,Tet_CW,CCC(=O)O[C@]1(C(=O)SCF)[C@H](C)CC2C3C[C@H](F)C4=CC(=O)C=C[C@]4(C)[C@@]3(F)[C@@H](O)C[C@@]21C,S,Specified,Tet_CW,CCC(=O)O[C@]1(C(=O)SCF)[C@H](C)C[C@H]2[C@@H]3C[C@H](F)C4=CC(=O)C=C[C@]4(C)[C@@]3(F)[C@@H](O)C[C@@]21C,S,Other,S tetrahedral vs S tetrahedral
op5001226,17,"(16, 18, 19)",Atom_Tetrahedral,Specified,Tet_CCW,CCC(=O)O[C@]1(C(=O)SCF)[C@H](C)CC2C3C[C@H](F)C4=CC(=O)C=C[C@]4(C)[C@@]3(F)[C@@H](O)C[C@@]21C,S,Specified,Tet_CCW,CCC(=O)O[C@]1(C(=O)SCF)[C@H](C)C[C@H]2[C@@H]3C[C@H](F)C4=CC(=O)C=C[C@]4(C)[C@@]3(F)[C@@H](O)C[C@@]21C,S,Other,S tetrahedral vs S tetrahedral
op5001226,27,"(15, 25, 28, 29)",Atom_Tetrahedral,Specified,Tet_CCW,CCC(=O)O[C@]1(C(=O)SCF)[C@H](C)CC2C3C[C@H](F)C4=CC(=O)C=C[C@]4(C)[C@@]3(F)[C@@H](O)C[C@@]21C,R,Specified,Tet_CCW,CCC(=O)O[C@]1(C(=O)SCF)[C@H](C)C[C@H]2[C@@H]3C[C@H](F)C4=CC(=O)C=C[C@]4(C)[C@@]3(F)[C@@H](O)C[C@@]21C,R,Other,R tetrahedral vs R tetrahedral
op5001226,15,"(14, 16, 27)",Atom_Tetrahedral,Unspecified,Fused ring,CCC(=O)O[C@]1(C(=O)SCF)[C@H](C)CC2C3C[C@H](F)C4=CC(=O)C=C[C@]4(C)[C@@]3(F)[C@@H](O)C[C@@]21C,,Specified,Tet_CCW,CCC(=O)O[C@]1(C(=O)SCF)[C@H](C)C[C@H]2[C@@H]3C[C@H](F)C4=CC(=O)C=C[C@]4(C)[C@@]3(F)[C@@H](O)C[C@@]21C,S,Reaxys S vs BNN fused ring,fused ring tetrahedral vs S tetrahedral
op5001226,32,"(5, 14, 31, 33)",Atom_Tetrahedral,Specified,Tet_CCW,CCC(=O)O[C@]1(C(=O)SCF)[C@H](C)CC2C3C[C@H](F)C4=CC(=O)C=C[C@]4(C)[C@@]3(F)[C@@H](O)C[C@@]21C,S,Specified,Tet_CCW,CCC(=O)O[C@]1(C(=O)SCF)[C@H](C)C[C@H]2[C@@H]3C[C@H](F)C4=CC(=O)C=C[C@]4(C)[C@@]3(F)[C@@H](O)C[C@@]21C,S,Other,S tetrahedral vs S tetrahedral
op5001226,25,"(19, 24, 26, 27)",Atom_Tetrahedral,Specified,Tet_CW,CCC(=O)O[C@]1(C(=O)SCF)[C@H](C)CC2C3C[C@H](F)C4=CC(=O)C=C[C@]4(C)[C@@]3(F)[C@@H](O)C[C@@]21C,S,Specified,Tet_CW,CCC(=O)O[C@]1(C(=O)SCF)[C@H](C)C[C@H]2[C@@H]3C[C@H](F)C4=CC(=O)C=C[C@]4(C)[C@@]3(F)[C@@H](O)C[C@@]21C,S,Other,S tetrahedral vs S tetrahedral
op5001226,5,"(4, 6, 11, 32)",Atom_Tetrahedral,Specified,Tet_CCW,CCC(=O)O[C@]1(C(=O)SCF)[C@H](C)CC2C3C[C@H](F)C4=CC(=O)C=C[C@]4(C)[C@@]3(F)[C@@H](O)C[C@@]21C,R,Specified,Tet_CCW,CCC(=O)O[C@]1(C(=O)SCF)[C@H](C)C[C@H]2[C@@H]3C[C@H](F)C4=CC(=O)C=C[C@]4(C)[C@@]3(F)[C@@H](O)C[C@@]21C,R,Other,R tetrahedral vs R tetrahedral
op5001226,14,"(13, 15, 32)",Atom_Tetrahedral,Unspecified,Fused ring,CCC(=O)O[C@]1(C(=O)SCF)[C@H](C)CC2C3C[C@H](F)C4=CC(=O)C=C[C@]4(C)[C@@]3(F)[C@@H](O)C[C@@]21C,,Specified,Tet_CW,CCC(=O)O[C@]1(C(=O)SCF)[C@H](C)C[C@H]2[C@@H]3C[C@H](F)C4=CC(=O)C=C[C@]4(C)[C@@]3(F)[C@@H](O)C[C@@]21C,S,Reaxys S vs BNN fused ring,fused ring tetrahedral vs S tetrahedral
op5001226,11,"(5, 12, 13)",Atom_Tetrahedral,Specified,Tet_CCW,CCC(=O)O[C@]1(C(=O)SCF)[C@H](C)CC2C3C[C@H](F)C4=CC(=O)C=C[C@]4(C)[C@@]3(F)[C@@H](O)C[C@@]21C,R,Specified,Tet_CCW,CCC(=O)O[C@]1(C(=O)SCF)[C@H](C)C[C@H]2[C@@H]3C[C@H](F)C4=CC(=O)C=C[C@]4(C)[C@@]3(F)[C@@H](O)C[C@@]21C,R,Other,R tetrahedral vs R tetrahedral
op5001226,5,"(4, 6, 7, 28)",Atom_Tetrahedral,Specified,Tet_CW,CCC(=O)O[C@@]1(F)[C@H](C)CC2C3C[C@H](F)C4=CC(=O)C=C[C@]4(C)[C@@]3(F)[C@@H](O)C[C@@]21C,R,Specified,Tet_CW,CCC(=O)O[C@@]1(F)[C@H](C)C[C@H]2[C@@H]3C[C@H](F)C4=CC(=O)C=C[C@]4(C)[C@@]3(F)[C@@H](O)C[C@@]21C,R,Other,R tetrahedral vs R tetrahedral
op5001226,13,"(12, 14, 15)",Atom_Tetrahedral,Specified,Tet_CCW,CCC(=O)O[C@@]1(F)[C@H](C)CC2C3C[C@H](F)C4=CC(=O)C=C[C@]4(C)[C@@]3(F)[C@@H](O)C[C@@]21C,S,Specified,Tet_CCW,CCC(=O)O[C@@]1(F)[C@H](C)C[C@H]2[C@@H]3C[C@H](F)C4=CC(=O)C=C[C@]4(C)[C@@]3(F)[C@@H](O)C[C@@]21C,S,Other,S tetrahedral vs S tetrahedral
op5001226,7,"(5, 8, 9)",Atom_Tetrahedral,Specified,Tet_CCW,CCC(=O)O[C@@]1(F)[C@H](C)CC2C3C[C@H](F)C4=CC(=O)C=C[C@]4(C)[C@@]3(F)[C@@H](O)C[C@@]21C,R,Specified,Tet_CCW,CCC(=O)O[C@@]1(F)[C@H](C)C[C@H]2[C@@H]3C[C@H](F)C4=CC(=O)C=C[C@]4(C)[C@@]3(F)[C@@H](O)C[C@@]21C,R,Other,R tetrahedral vs R tetrahedral
op5001226,21,"(15, 20, 22, 23)",Atom_Tetrahedral,Specified,Tet_CW,CCC(=O)O[C@@]1(F)[C@H](C)CC2C3C[C@H](F)C4=CC(=O)C=C[C@]4(C)[C@@]3(F)[C@@H](O)C[C@@]21C,S,Specified,Tet_CW,CCC(=O)O[C@@]1(F)[C@H](C)C[C@H]2[C@@H]3C[C@H](F)C4=CC(=O)C=C[C@]4(C)[C@@]3(F)[C@@H](O)C[C@@]21C,S,Other,S tetrahedral vs S tetrahedral
op5001226,25,"(23, 26, 27)",Atom_Tetrahedral,Specified,Tet_CW,CCC(=O)O[C@@]1(F)[C@H](C)CC2C3C[C@H](F)C4=CC(=O)C=C[C@]4(C)[C@@]3(F)[C@@H](O)C[C@@]21C,S,Specified,Tet_CW,CCC(=O)O[C@@]1(F)[C@H](C)C[C@H]2[C@@H]3C[C@H](F)C4=CC(=O)C=C[C@]4(C)[C@@]3(F)[C@@H](O)C[C@@]21C,S,Other,S tetrahedral vs S tetrahedral
op5001226,28,"(5, 10, 27, 29)",Atom_Tetrahedral,Specified,Tet_CCW,CCC(=O)O[C@@]1(F)[C@H](C)CC2C3C[C@H](F)C4=CC(=O)C=C[C@]4(C)[C@@]3(F)[C@@H](O)C[C@@]21C,S,Specified,Tet_CCW,CCC(=O)O[C@@]1(F)[C@H](C)C[C@H]2[C@@H]3C[C@H](F)C4=CC(=O)C=C[C@]4(C)[C@@]3(F)[C@@H](O)C[C@@]21C,S,Other,S tetrahedral vs S tetrahedral
op5001226,10,"(9, 11, 28)",Atom_Tetrahedral,Unspecified,Fused ring,CCC(=O)O[C@@]1(F)[C@H](C)CC2C3C[C@H](F)C4=CC(=O)C=C[C@]4(C)[C@@]3(F)[C@@H](O)C[C@@]21C,,Specified,Tet_CW,CCC(=O)O[C@@]1(F)[C@H](C)C[C@H]2[C@@H]3C[C@H](F)C4=CC(=O)C=C[C@]4(C)[C@@]3(F)[C@@H](O)C[C@@]21C,S,Reaxys S vs BNN fused ring,fused ring tetrahedral vs S tetrahedral
op5001226,23,"(11, 21, 24, 25)",Atom_Tetrahedral,Specified,Tet_CCW,CCC(=O)O[C@@]1(F)[C@H](C)CC2C3C[C@H](F)C4=CC(=O)C=C[C@]4(C)[C@@]3(F)[C@@H](O)C[C@@]21C,R,Specified,Tet_CCW,CCC(=O)O[C@@]1(F)[C@H](C)C[C@H]2[C@@H]3C[C@H](F)C4=CC(=O)C=C[C@]4(C)[C@@]3(F)[C@@H](O)C[C@@]21C,R,Other,R tetrahedral vs R tetrahedral
op5001226,11,"(10, 12, 23)",Atom_Tetrahedral,Unspecified,Fused ring,CCC(=O)O[C@@]1(F)[C@H](C)CC2C3C[C@H](F)C4=CC(=O)C=C[C@]4(C)[C@@]3(F)[C@@H](O)C[C@@]21C,,Specified,Tet_CCW,CCC(=O)O[C@@]1(F)[C@H](C)C[C@H]2[C@@H]3C[C@H](F)C4=CC(=O)C=C[C@]4(C)[C@@]3(F)[C@@H](O)C[C@@]21C,S,Reaxys S vs BNN fused ring,fused ring tetrahedral vs S tetrahedral
op5001226,30,"(18, 28, 31, 32)",Atom_Tetrahedral,Specified,Tet_CCW,CCC(=O)O[C@]1(C(=O)SC(=O)N(C)C)[C@H](C)CC2C3C[C@H](F)C4=CC(=O)C=C[C@]4(C)[C@@]3(F)[C@@H](O)C[C@@]21C,R,Specified,Tet_CCW,CCC(=O)O[C@]1(C(=O)SC(=O)N(C)C)[C@H](C)C[C@H]2[C@@H]3C[C@H](F)C4=CC(=O)C=C[C@]4(C)[C@@]3(F)[C@@H](O)C[C@@]21C,R,Other,R tetrahedral vs R tetrahedral
op5001226,14,"(5, 15, 16)",Atom_Tetrahedral,Specified,Tet_CCW,CCC(=O)O[C@]1(C(=O)SC(=O)N(C)C)[C@H](C)CC2C3C[C@H](F)C4=CC(=O)C=C[C@]4(C)[C@@]3(F)[C@@H](O)C[C@@]21C,R,Specified,Tet_CCW,CCC(=O)O[C@]1(C(=O)SC(=O)N(C)C)[C@H](C)C[C@H]2[C@@H]3C[C@H](F)C4=CC(=O)C=C[C@]4(C)[C@@]3(F)[C@@H](O)C[C@@]21C,R,Other,R tetrahedral vs R tetrahedral
op5001226,17,"(16, 18, 35)",Atom_Tetrahedral,Unspecified,Fused ring,CCC(=O)O[C@]1(C(=O)SC(=O)N(C)C)[C@H](C)CC2C3C[C@H](F)C4=CC(=O)C=C[C@]4(C)[C@@]3(F)[C@@H](O)C[C@@]21C,,Specified,Tet_CW,CCC(=O)O[C@]1(C(=O)SC(=O)N(C)C)[C@H](C)C[C@H]2[C@@H]3C[C@H](F)C4=CC(=O)C=C[C@]4(C)[C@@]3(F)[C@@H](O)C[C@@]21C,S,Reaxys S vs BNN fused ring,fused ring tetrahedral vs S tetrahedral
op5001226,5,"(4, 6, 14, 35)",Atom_Tetrahedral,Specified,Tet_CCW,CCC(=O)O[C@]1(C(=O)SC(=O)N(C)C)[C@H](C)CC2C3C[C@H](F)C4=CC(=O)C=C[C@]4(C)[C@@]3(F)[C@@H](O)C[C@@]21C,R,Specified,Tet_CCW,CCC(=O)O[C@]1(C(=O)SC(=O)N(C)C)[C@H](C)C[C@H]2[C@@H]3C[C@H](F)C4=CC(=O)C=C[C@]4(C)[C@@]3(F)[C@@H](O)C[C@@]21C,R,Other,R tetrahedral vs R tetrahedral
op5001226,20,"(19, 21, 22)",Atom_Tetrahedral,Specified,Tet_CCW,CCC(=O)O[C@]1(C(=O)SC(=O)N(C)C)[C@H](C)CC2C3C[C@H](F)C4=CC(=O)C=C[C@]4(C)[C@@]3(F)[C@@H](O)C[C@@]21C,S,Specified,Tet_CCW,CCC(=O)O[C@]1(C(=O)SC(=O)N(C)C)[C@H](C)C[C@H]2[C@@H]3C[C@H](F)C4=CC(=O)C=C[C@]4(C)[C@@]3(F)[C@@H](O)C[C@@]21C,S,Other,S tetrahedral vs S tetrahedral
op5001226,28,"(22, 27, 29, 30)",Atom_Tetrahedral,Specified,Tet_CW,CCC(=O)O[C@]1(C(=O)SC(=O)N(C)C)[C@H](C)CC2C3C[C@H](F)C4=CC(=O)C=C[C@]4(C)[C@@]3(F)[C@@H](O)C[C@@]21C,S,Specified,Tet_CW,CCC(=O)O[C@]1(C(=O)SC(=O)N(C)C)[C@H](C)C[C@H]2[C@@H]3C[C@H](F)C4=CC(=O)C=C[C@]4(C)[C@@]3(F)[C@@H](O)C[C@@]21C,S,Other,S tetrahedral vs S tetrahedral
op5001226,32,"(30, 33, 34)",Atom_Tetrahedral,Specified,Tet_CW,CCC(=O)O[C@]1(C(=O)SC(=O)N(C)C)[C@H](C)CC2C3C[C@H](F)C4=CC(=O)C=C[C@]4(C)[C@@]3(F)[C@@H](O)C[C@@]21C,S,Specified,Tet_CW,CCC(=O)O[C@]1(C(=O)SC(=O)N(C)C)[C@H](C)C[C@H]2[C@@H]3C[C@H](F)C4=CC(=O)C=C[C@]4(C)[C@@]3(F)[C@@H](O)C[C@@]21C,S,Other,S tetrahedral vs S tetrahedral
op5001226,18,"(17, 19, 30)",Atom_Tetrahedral,Unspecified,Fused ring,CCC(=O)O[C@]1(C(=O)SC(=O)N(C)C)[C@H](C)CC2C3C[C@H](F)C4=CC(=O)C=C[C@]4(C)[C@@]3(F)[C@@H](O)C[C@@]21C,,Specified,Tet_CCW,CCC(=O)O[C@]1(C(=O)SC(=O)N(C)C)[C@H](C)C[C@H]2[C@@H]3C[C@H](F)C4=CC(=O)C=C[C@]4(C)[C@@]3(F)[C@@H](O)C[C@@]21C,S,Reaxys S vs BNN fused ring,fused ring tetrahedral vs S tetrahedral
op5001226,35,"(5, 17, 34, 36)",Atom_Tetrahedral,Specified,Tet_CCW,CCC(=O)O[C@]1(C(=O)SC(=O)N(C)C)[C@H](C)CC2C3C[C@H](F)C4=CC(=O)C=C[C@]4(C)[C@@]3(F)[C@@H](O)C[C@@]21C,S,Specified,Tet_CCW,CCC(=O)O[C@]1(C(=O)SC(=O)N(C)C)[C@H](C)C[C@H]2[C@@H]3C[C@H](F)C4=CC(=O)C=C[C@]4(C)[C@@]3(F)[C@@H](O)C[C@@]21C,S,Other,S tetrahedral vs S tetrahedral
acs.oprd.7b00153,16,"(1, 15, 17)",Atom_Tetrahedral,Unspecified,Fused ring,C[C@@H]1CCC2[C@@H](C)C(=O)O[C@@H]3O[C@@]4(C)CCC1[C@@]23OO4,,Specified,Tet_CCW,C[C@@H]1CC[C@H]2[C@@H](C)C(=O)O[C@@H]3O[C@@]4(C)CC[C@@H]1[C@]32OO4,S,Reaxys S vs BNN fused ring,fused ring tetrahedral vs S tetrahedral
acs.oprd.7b00153,10,"(9, 11, 17)",Atom_Tetrahedral,Specified,Tet_CCW,C[C@@H]1CCC2[C@@H](C)C(=O)O[C@@H]3O[C@@]4(C)CCC1[C@@]23OO4,S,Specified,Tet_CCW,C[C@@H]1CC[C@H]2[C@@H](C)C(=O)O[C@@H]3O[C@@]4(C)CC[C@@H]1[C@]32OO4,S,Other,S tetrahedral vs S tetrahedral
acs.oprd.7b00153,4,"(3, 5, 17)",Atom_Tetrahedral,Unspecified,Fused ring,C[C@@H]1CCC2[C@@H](C)C(=O)O[C@@H]3O[C@@]4(C)CCC1[C@@]23OO4,,Specified,Tet_CW,C[C@@H]1CC[C@H]2[C@@H](C)C(=O)O[C@@H]3O[C@@]4(C)CC[C@@H]1[C@]32OO4,S,Reaxys S vs BNN fused ring,fused ring tetrahedral vs S tetrahedral
acs.oprd.7b00153,12,"(11, 13, 14, 19)",Atom_Tetrahedral,Specified,Tet_CW,C[C@@H]1CCC2[C@@H](C)C(=O)O[C@@H]3O[C@@]4(C)CCC1[C@@]23OO4,R,Specified,Tet_CW,C[C@@H]1CC[C@H]2[C@@H](C)C(=O)O[C@@H]3O[C@@]4(C)CC[C@@H]1[C@]32OO4,R,Other,R tetrahedral vs R tetrahedral
acs.oprd.7b00153,5,"(4, 6, 7)",Atom_Tetrahedral,Specified,Tet_CW,C[C@@H]1CCC2[C@@H](C)C(=O)O[C@@H]3O[C@@]4(C)CCC1[C@@]23OO4,R,Specified,Tet_CW,C[C@@H]1CC[C@H]2[C@@H](C)C(=O)O[C@@H]3O[C@@]4(C)CC[C@@H]1[C@]32OO4,R,Other,R tetrahedral vs R tetrahedral
acs.oprd.7b00153,1,"(0, 2, 16)",Atom_Tetrahedral,Specified,Tet_CCW,C[C@@H]1CCC2[C@@H](C)C(=O)O[C@@H]3O[C@@]4(C)CCC1[C@@]23OO4,R,Specified,Tet_CCW,C[C@@H]1CC[C@H]2[C@@H](C)C(=O)O[C@@H]3O[C@@]4(C)CC[C@@H]1[C@]32OO4,R,Other,R tetrahedral vs R tetrahedral
acs.oprd.7b00153,17,"(4, 10, 16, 18)",Atom_Tetrahedral,Specified,Tet_CW,C[C@@H]1CCC2[C@@H](C)C(=O)O[C@@H]3O[C@@]4(C)CCC1[C@@]23OO4,R,Specified,Tet_CW,C[C@@H]1CC[C@H]2[C@@H](C)C(=O)O[C@@H]3O[C@@]4(C)CC[C@@H]1[C@]32OO4,R,Other,R tetrahedral vs R tetrahedral
op034028h,5,"(4, 6, 7)",Atom_Tetrahedral,Specified,Tet_CCW,CC(=O)NC[C@H](O)CCl,S,Unspecified,NoValue,CC(=O)NCC(O)CCl,,BNN R/S vs Reaxys unspecified,S tetrahedral vs unspecified tetrahedral
op034028h,5,"(4, 6, 7)",Atom_Tetrahedral,Specified,Tet_CW,CC(=O)NC[C@H]1CO1,S,Unspecified,NoValue,CC(=O)NCC1CO1,,BNN R/S vs Reaxys unspecified,S tetrahedral vs unspecified tetrahedral
op034028h,3,"(1, 4, 14)",Atom_Tetrahedral,Unspecified,Fused ring,CC1(C)C2CC[C@@]1(CS(=O)(=O)O)C(=O)C2,,Specified,Tet_CW,CC1(C)[C@H]2CC[C@@]1(CS(=O)(=O)O)C(=O)C2,S,Reaxys S vs BNN fused ring,fused ring tetrahedral vs S tetrahedral
op034028h,6,"(1, 5, 7, 12)",Atom_Tetrahedral,Specified,Tet_CCW,CC1(C)C2CC[C@@]1(CS(=O)(=O)O)C(=O)C2,S,Specified,Tet_CCW,CC1(C)[C@H]2CC[C@@]1(CS(=O)(=O)O)C(=O)C2,S,Other,S tetrahedral vs S tetrahedral
op034028h,4,"(3, 5, 7)",Atom_Tetrahedral,Specified,Tet_CCW,CC1=NC[C@H](CO)O1,R,Unspecified,NoValue,CC1=NCC(CO)O1,,BNN R/S vs Reaxys unspecified,R tetrahedral vs unspecified tetrahedral
op5003215,6,"(5, 7, 8)",Atom_Tetrahedral,Specified,Tet_CW,CCOC(=O)C[C@@H](O)c1ccccc1,R,Specified,Tet_CCW,CCOC(=O)C[C@H](O)c1ccccc1,S,Reaxys S vs BNN R,R tetrahedral vs S tetrahedral
