DOI,Dataset,InChIKey,SMILES,Locations,Location_Count
acs.oprd.1c00456,OPRD-100,ANGKJOTXVRIEJF-UPDXMIGASA-N,CO[C@H]1C[C@@H]2CC[C@@H](C)[C@@](O)(O2)C(=O)C(=O)N2CCCC[C@H]2C(=O)C[C@H]([C@H](C)C[C@@H]2CC[C@@H](OCCO[Si](c3ccccc3)(c3ccccc3)C(C)(C)C)[C@H](OC)C2)CC(=O)[C@H](C)/C=C(\C)[C@H]2OC(OCCO[Si](c3ccccc3)(c3ccccc3)C(C)(C)C)([C@H](C)C[C@H](C)/C=C/C=C/C=C/1C)[C@@H]2OC,"Scheme 5 AND Scheme 1, Table 4 AND Scheme 2 AND Scheme 5",2
acs.oprd.1c00456,OPRD-100,AOMOJFWVOHXBTN-UHFFFAOYSA-N,CC(C)(C)[Si](OS(=O)(=O)C(F)(F)F)(c1ccccc1)c1ccccc1,Scheme 2,1
acs.oprd.1c00456,OPRD-100,DFSGWGWXVQWAOZ-ZXEVHOHPSA-N,CO[C@H]1C[C@@H]2CC[C@@H](C)[C@@](O)(O2)C(=O)C(=O)N2CCCC[C@H]2C(=O)C[C@H]([C@H](C)C[C@@H]2CC[C@@H](OCCO[Si](c3ccccc3)(c3ccccc3)C(C)(C)C)[C@H](OC)C2)CC(=O)[C@H](C)/C=C(\C)[C@@H](O)[C@@H](OC)C(=O)[C@H](C)C[C@H](C)C/C=C/C=C/C=C/1C,Table 1 AND Scheme 1,1
acs.oprd.1c00456,OPRD-100,DHEGPWVYRVBVDA-VBQQEYOXSA-N,CO[C@H]1C[C@@H]2CC[C@@H](C)[C@@](O)(O2)C(=O)C(=O)N2CCCC[C@H]2C(=O)C[C@H]([C@H](C)C[C@@H]2CC[C@@H](O)[C@H](OC)C2)CC(=O)[C@H](C)/C=C(\C)[C@@H](O)[C@@H](OC)C(=O)[C@H](C)C[C@H](C)/C=C/C=C/C=C/1C,"Experimental, Scheme 1, Table 1 AND Scheme 1, Table 4 AND Scheme 2 AND Scheme 5",4
acs.oprd.1c00456,OPRD-100,FQROVMXRCGPRLR-CNAMCHDLSA-N,CO[C@H]1C[C@@H]2CC[C@@H](C)[C@@](O)(O2)C(=O)C(=O)N2CCCC[C@H]2C(=O)C[C@H]([C@H](C)C[C@@H]2CC[C@@H](OCCO[Si](C)(C)C(C)C)[C@H](OC)C2)CC(=O)[C@H](C)/C=C(\C)[C@@H](O)[C@@H](OC)C(=O)[C@H](C)C[C@H](C)/C=C/C=C/C=C/1C,Table 1 AND Scheme 1,1
acs.oprd.1c00456,OPRD-100,PDLHOXRFRCWFMB-CIPGPYIUSA-N,CO[C@H]1C[C@@H]2CC[C@@H](C)[C@@](O)(O2)C(=O)C(=O)N2CCCC[C@H]2C(=O)C[C@H]([C@H](C)C[C@@H]2CC[C@@H](O)[C@H](OC)C2)CC(=O)[C@H](C)/C=C(\C)[C@@H](O)[C@@H](OC)C(=O)[C@H](C)C[C@H](C)C/C=C/C=C/C=C/1C,Table 1 AND Scheme 1,1
acs.oprd.1c00456,OPRD-100,UJTZJVNWWZDIJK-UHFFFAOYSA-N,CC(C)[Si](C)(C)OCCOS(=O)(=O)C(F)(F)F,"Scheme 2, Table 1 AND Scheme 1",2
acs.oprd.1c00456,OPRD-100,VIMOCFQJLHPILG-UHFFFAOYSA-N,CC[N+](CCO[Si](C)(C)C(C)C)(C(C)C)C(C)C,Scheme 2,1
acs.oprd.1c00456,OPRD-100,WLLIXJBWWFGEHT-UHFFFAOYSA-N,CC(C)(C)[Si](C)(C)OS(=O)(=O)C(F)(F)F,Table 1 AND Scheme 1,1
acs.oprd.1c00456,OPRD-100,YXLUORWWVYEELM-JDHNKMROSA-N,CO[C@H]1C[C@@H]2CC[C@@H](C)[C@@](O)(O2)C(=O)C(=O)N2CCCC[C@H]2C(=O)C[C@H]([C@H](C)C[C@@H]2CC[C@@H](OCCO)[C@H](OC)C2)CC(=O)[C@H](C)/C=C(\C)[C@@H](O)[C@@H](OC)C(=O)[C@H](C)C[C@H](C)/C=C/C=C/C=C/1C,Scheme 1,1
acs.oprd.1c00456,OPRD-100,ZQVSSVMPRDFHAW-VXPBHQCDSA-N,CO[C@H]1C[C@@H]2CC[C@@H](C)[C@@](O)(O2)C(=O)C(=O)N2CCCC[C@H]2C(=O)C[C@H]([C@H](C)C[C@@H]2CC[C@@H](OCCO[Si](c3ccccc3)(c3ccccc3)C(C)(C)C)[C@H](OC)C2)CC(=O)[C@H](C)/C=C(\C)[C@@H](O)[C@@H](OC)C(=O)[C@H](C)C[C@H](C)/C=C/C=C/C=C/1C,"Experimental, Scheme 5 AND Scheme 1, Table 1 AND Scheme 1, Table 4 AND Scheme 2 AND Scheme 5",4
acs.oprd.1c00456,OPRD-100,ZWXWHAFUIZHJFE-DSMYSAODSA-N,CO[C@H]1C[C@@H]2CC[C@@H](C)[C@@](O)(O2)C(=O)C(=O)N2CCCC[C@H]2C(=O)C[C@H]([C@H](C)C[C@@H]2CC[C@@H](OCCO[Si](C)(C)C(C)(C)C)[C@H](OC)C2)CC(=O)[C@H](C)/C=C(\C)[C@@H](O)[C@@H](OC)C(=O)[C@H](C)C[C@H](C)/C=C/C=C/C=C/1C,Table 1 AND Scheme 1,1
op700249f,OPRD-100,CJZSYVFYRPFFNT-PBMBZRIMSA-N,CC(=O)OC[C@H]1O[C@@H](n2cc(C[C@H](NC(=O)OCc3ccccc3)C(=O)N[C@@H](Cc3ccccc3)C(=O)NC(=O)[C@@H](N)C(C)C)nn2)[C@H](OC(C)=O)[C@@H](OC(C)=O)[C@@H]1OC(C)=O,"Table 5, entry 3",1
op700249f,OPRD-100,DGYHPLMPMRKMPD-BYPYZUCNSA-N,C#CC[C@H](N)C(=O)O,"Table 1, entry 5",1
op700249f,OPRD-100,OTXFJQFCZIRQMN-CWBGMNJWSA-N,COC(=O)[C@@H](NC(=O)[C@H](Cc1cn([C@@H]2O[C@H](COC(C)=O)[C@@H](OC(C)=O)[C@H](OC(C)=O)[C@H]2OC(C)=O)nn1)NS(=O)(=O)c1ccc(C)cc1)c1cn([C@@H]2O[C@H](COC(C)=O)[C@@H](OC(C)=O)[C@H](OC(C)=O)[C@H]2OC(C)=O)nn1,"Experimental, Table 1, entry 7",2
op700249f,OPRD-100,QMCSHIPZZVYDEU-ZUKCLDLQSA-N,CC(=O)OC[C@H]1O[C@@H](NC(=O)C[C@H](NC(=O)OCc2ccccc2)C(=O)NCN)[C@H](OC(C)=O)[C@@H](OC(C)=O)[C@@H]1OC(C)=O,"Experimental, Scheme 2",2
op700249f,OPRD-100,RGIIFMMMAOZWTB-YDGVYEQJSA-N,COC(=O)[C@@H]1CC[C@@H](OC(C)=O)[C@H](n2cc([C@@H]3O[C@H](COCc4ccccc4)[C@@H](OCc4ccccc4)[C@H](OCc4ccccc4)[C@H]3OCc3ccccc3)nn2)N1C(=O)OCc1ccccc1,"Table 2, entry 6",1
op700249f,OPRD-100,SBTPZFLFLYBRGC-ULPFWSPLSA-N,CC(=O)OC[C@H]1O[C@@H](c2cn(C[C@H](NC(=O)OCC3c4ccccc4-c4ccccc43)C(=O)O)nn2)[C@H](OC(C)=O)[C@@H](OC(C)=O)[C@@H]1OC(C)=O,Experimental,1
op700249f,OPRD-100,UFPWPRZAWCNIKD-SPTYDINCSA-N,CC(=O)OC[C@H]1O[C@@H](NC(=O)C[C@H](NC(=O)OCc2ccccc2)C(=O)N[C@H](N)Cc2ccccc2)[C@H](OC(C)=O)[C@@H](OC(C)=O)[C@@H]1OC(C)=O,"Experimental, Scheme 2",2
op700249f,OPRD-100,UTNVGFZTGTWTQY-PYTCMNEWSA-N,CC(=O)OC[C@H]1O[C@@H](n2cc(C[C@H](N)C(=O)O)nn2)[C@H](OC(C)=O)[C@@H](OC(C)=O)[C@@H]1OC(C)=O,"Table 1, entry 5",1
op700249f,OPRD-100,VDMLLTHLTWQBRD-RRFJBIMHSA-N,COC(=O)[C@@H]1CC[C@@H](OC(C)=O)[C@H](N=[N+]=[N-])N1C(=O)OCc1ccccc1,"Table 2, entry 6",1
op700249f,OPRD-100,VTLJQNRENXZSIN-RYUDHWBXSA-N,CC(C)[C@H](N)C(=O)NC(=O)[C@@H](N)Cc1ccccc1,"Table 5, entry 3",1
op700249f,OPRD-100,ZELRGBRABGJCLI-NAMDKFGDSA-N,COC(=O)[C@@H]1C[C@H](n2cc([C@@H]3O[C@H](COC(C)=O)[C@@H](OC(C)=O)[C@H](OC(C)=O)[C@H]3OC(C)=O)nn2)CCN1C(=O)OCc1ccccc1,Experimental,1
op700249f,OPRD-100,ZELRGBRABGJCLI-SUPSSVSMSA-N,COC(=O)[C@@H]1C[C@@H](n2cc([C@@H]3O[C@H](COC(C)=O)[C@@H](OC(C)=O)[C@H](OC(C)=O)[C@H]3OC(C)=O)nn2)CCN1C(=O)OCc1ccccc1,Experimental,1
acs.oprd.2c00146,OPRD-100,IRKXGKIPOMIQOD-ZZWDRFIYSA-N,C[C@@H]1OC(O)[C@@H](F)[C@H](O)[C@@H]1O,Scheme 1,1
acs.oprd.2c00146,OPRD-100,QZQMGQQOGJIDKJ-DTYUZISYSA-N,CC(=O)OC1O[C@@H](C)[C@@H](OC(C)=O)[C@@H](OC(C)=O)[C@@H]1OC(C)=O,Scheme 1,1
acs.oprd.2c00146,OPRD-100,SHZGCJCMOBCMKK-DHVFOXMCSA-N,C[C@@H]1OC(O)[C@@H](O)[C@H](O)[C@@H]1O,Scheme 1,1
acs.oprd.2c00146,OPRD-100,XUZQAPSYNYIKSR-BSOOIWJMSA-N,CC(=O)O[C@@H]1[C@H](OC(C)=O)[C@H](C)O[C@@H](Br)[C@H]1OC(C)=O,Scheme 1,1
acs.oprd.9b00192,OPRD-100,CPNYQLNTBZWKNF-INIZCTEOSA-N,CNS(=O)(=O)C[C@](C)(N)c1cc(NC(=O)c2ccc(F)cn2)ccc1F,Scheme 1,1
acs.oprd.9b00192,OPRD-100,DPZNOMCNRMUKPS-UHFFFAOYSA-N,COc1cccc(OC)c1,Scheme 1,1
acs.oprd.9b00192,OPRD-100,IUZXTSMWYGFJFT-SFHVURJKSA-O,COc1ccc(CN(C)S(=O)(=O)C[C@](C)([NH3+])c2cc(Br)ccc2F)cc1,"Experimental, Figure 3, Scheme 1, Scheme 2, Table 2",5
acs.oprd.9b00192,OPRD-100,IWYDHOAUDWTVEP-ZETCQYMHSA-M,O=C([O-])[C@@H](O)c1ccccc1,"Experimental, Figure 3, Scheme 1, Scheme 2, Table 2",5
acs.oprd.9b00192,OPRD-100,JOXIMZWYDAKGHI-UHFFFAOYSA-M,Cc1ccc(S(=O)(=O)[O-])cc1,Scheme 1,1
acs.oprd.9b00192,OPRD-100,JRHPOFJADXHYBR-HTQZYQBOSA-N,CN[C@@H]1CCCC[C@H]1NC,"Scheme 1, Scheme 2, Table 2",3
acs.oprd.9b00192,OPRD-100,RMBFJJMTAQGKBV-WUNLWTINSA-N,CN[C@@H]1CCCC[C@H]1Nc1ccc(C(=O)Nc2ccc(F)c([C@@](C)(N)CS(=O)(=O)N(C)Cc3ccc(OC)cc3)c2)nc1,Table 2,1
acs.oprd.9b00192,OPRD-100,WGQLJNNCVCEPNS-UHFFFAOYSA-N,COc1ccc(CN(C)S(C)(=O)=O)cc1,Scheme 1,1
acs.oprd.9b00192,OPRD-100,WOADMISSFZLHGL-YBYKNVHQSA-N,C/C(=N\[S@](=O)C(C)(C)C)c1cc(Br)ccc1F,Scheme 1,1
acs.oprd.9b00192,OPRD-100,YHYKUSGACIYRML-KRWDZBQOSA-N,CN1C(N)=N[C@](C)(c2cc(NC(=O)c3ccc(F)cn3)ccc2F)CS1(=O)=O,Scheme 1,1
acs.oprd.9b00192,OPRD-100,YHYKUSGACIYRML-KRWDZBQOSA-O,CN1C([NH3+])=N[C@](C)(c2cc(NC(=O)c3ccc(F)cn3)ccc2F)CS1(=O)=O,Scheme 1,1
acs.oprd.9b00138,OPRD-100,BYQDJFAZTYQSBR-XZWHSSHBSA-N,CC(C)/N=C(\NC(C)C)OC(=O)[C@H]([C@H](O)c1ccc2c(c1)OCCO2)N(Cc1ccccc1)Cc1ccccc1,Table 3,1
acs.oprd.9b00138,OPRD-100,SHROXDJUZBSMMQ-XZWHSSHBSA-N,CC(C)NC(=O)N(C(=O)[C@H]([C@H](O)c1ccc2c(c1)OCCO2)N(Cc1ccccc1)Cc1ccccc1)C(C)C,Table 3,1
acs.oprd.3c00189,OPRD-100,CPELXLSAUQHCOX-UHFFFAOYSA-M,[Br-],"Experimental, Scheme 5, Scheme 6",3
acs.oprd.3c00189,OPRD-100,FEWJPZIEWOKRBE-JCYAYHJZSA-M,O=C([O-])[C@H](O)[C@@H](O)C(=O)O,Table 4,1
acs.oprd.3c00189,OPRD-100,HHEDGPYDVXTDSR-XLPZGREQSA-O,CN(C)C(=O)[C@H]1CC[C@@H](O)[C@H]([NH3+])C1,"Experimental, Scheme 5, Scheme 6",3
acs.oprd.3c00189,OPRD-100,JCHIBKSSZNWERE-GARJFASQSA-O,CN(C)C(=O)[C@H]1CC[C@H]([NH3+])[C@H](NC(=O)OC(C)(C)C)C1,"Scheme 1, Table 2",2
acs.oprd.3c00189,OPRD-100,JCHIBKSSZNWERE-JRUYECLLSA-O,CN(C)C(=O)[C@H]1CCC([NH3+])[C@@H](NC(=O)OC(C)(C)C)C1,Scheme 2,1
acs.oprd.3c00189,OPRD-100,JOXIMZWYDAKGHI-UHFFFAOYSA-M,Cc1ccc(S(=O)(=O)[O-])cc1,Experimental,1
acs.oprd.3c00189,OPRD-100,KRKNYBCHXYNGOX-UHFFFAOYSA-M,O=C(O)CC(O)(CC(=O)O)C(=O)[O-],Table 4,1
acs.oprd.3c00189,OPRD-100,LSKOADYNXKBDTP-HBNTYKKESA-N,CN(C)C(=O)[C@H]1CC[C@@H](O)[C@H](NC(=O)OC(C)(C)C)C1,"Experimental, Scheme 3, Table 1, Table 2",4
acs.oprd.3c00189,OPRD-100,MIGUGRFMZPJDFP-UHFFFAOYSA-N,C[NH+]1[CH-]Cc2nc(C(=O)O)sc2C1,"Experimental, Scheme 6",2
acs.oprd.3c00189,OPRD-100,MIOPJNTWMNEORI-UHFFFAOYSA-M,CC1(C)C2CCC1(CS(=O)(=O)[O-])C(=O)C2,"Experimental, Scheme 8, Table 4",3
acs.oprd.3c00189,OPRD-100,MSXBNKGCQBFGTC-QJPTWQEYSA-N,CN(C)C(=O)[C@H]1CC[C@@H](OS(C)(=O)=O)[C@H](NS(=O)(=O)NC(=O)OC(C)(C)C)C1,Scheme 2,1
acs.oprd.3c00189,OPRD-100,MUBZPKHOEPUJKR-UHFFFAOYSA-M,O=C([O-])C(=O)O,"Experimental, Scheme 1, Scheme 2, Table 2, Table 4",5
acs.oprd.3c00189,OPRD-100,QAOWNCQODCNURD-UHFFFAOYSA-M,O=S(=O)([O-])O,Table 4,1
acs.oprd.3c00189,OPRD-100,QJVMDGXTANLPMW-GMXVVIOVSA-O,CN1CCc2nc(C(=O)N[C@@H]3C[C@@H](C(=O)N(C)C)CC[C@@H]3[NH3+])sc2C1,"Experimental, Scheme 8, Table 4",3
acs.oprd.3c00189,OPRD-100,RPNUNKMMDDDWNI-QWRGUYRKSA-N,CN(C)C(=O)[C@H]1CC=C[C@H](NC(=O)OC(C)(C)C)C1,Table 1,1
acs.oprd.3c00189,OPRD-100,VEXZGXHMUGYJMC-UHFFFAOYSA-M,[Cl-],Scheme 6,1
acs.oprd.3c00189,OPRD-100,YJDLJNAWLBVIRF-AEGPPILISA-N,CN(C)C(=O)[C@H]1CC[C@H](NC(=O)C(=O)Nc2ccc(Cl)cn2)[C@H](NC(=O)OC(C)(C)C)C1,Scheme 1,1
acs.oprd.3c00189,OPRD-100,ZAMOUSCENKQFHK-UHFFFAOYSA-N,[Cl],Experimental,1
op000040n,OPRD-100,CLSJNXXMIVKULC-MUUNZHRXSA-N,COc1ccc(CCOC(c2ccccc2)(c2ccccc2)[C@H](Oc2nc(C)cc(C)n2)C(=O)O)cc1OC,"experimental, scheme 5",2
op000040n,OPRD-100,HMMWEJUBAXMERM-UHFFFAOYSA-N,CC(C=O)(c1ccccc1)c1ccccc1,scheme 6,1
op000040n,OPRD-100,INQIVJHBJNZHFC-CQSZACIVSA-M,CC(c1ccccc1)(c1ccccc1)[C@H](O)C(=O)[O-],"experimental, scheme 6, scheme 8",3
op000040n,OPRD-100,PINPOEWMCLFRRB-LURJTMIESA-O,C[C@H]([NH3+])c1ccc(Cl)cc1,"experimental, scheme 2, scheme 2 AND Text, scheme 6, scheme 8",5
op000040n,OPRD-100,RDCBDWDNFBAQJQ-UHFFFAOYSA-N,COC(=O)C1CC1(c1ccccc1)c1ccccc1,"experimental, scheme 8 AND Text, table 1",3
op000040n,OPRD-100,RQJWOLFMWKZKCJ-CQSZACIVSA-M,COC(c1ccccc1)(c1ccccc1)[C@H](O)C(=O)[O-],"experimental, scheme 2, scheme 2 AND Text",3
op000209x,OPRD-100,DKKUKWCWPHAUSJ-SIQBYVADSA-N,CC(=O)O[C@@H]1C[C@@H](COC2(C)OC(=O)C(C)(C)O2)O[C@H]1n1cnc2c(N)ncnc21,scheme 1 AND Text,1
op000209x,OPRD-100,GFFGJBXGBJISGV-UHFFFAOYSA-N,Nc1ncnc2[nH]cnc12,scheme 3,1
op0102159,OPRD-100,AEHPACCCTKUDCZ-UHFFFAOYSA-N,CCOC(=O)CC(=O)C1CCCC1=O,scheme 6,1
op0102159,OPRD-100,CGZZMOTZOONQIA-UHFFFAOYSA-N,O=C1CCCCCC1,scheme 1,1
op0102159,OPRD-100,CQAUTOXIUPPFQV-UHFFFAOYSA-N,C1=CC2(CCCC1)OCCO2,scheme 1,1
op0102159,OPRD-100,CUPUHWFXOULUCT-UHFFFAOYSA-N,BrC1CCCCCC12OCCO2,scheme 1,1
op0102159,OPRD-100,DKRMZZKWLJZOIL-UHFFFAOYSA-N,OC1CCCCC2(C1)OCCO2,scheme 1,1
op0102159,OPRD-100,TTYIGJNHOYVTTF-UHFFFAOYSA-N,O=C1CCCCC2(C1)OCCO2,scheme 1,1
op0102159,OPRD-100,UPEWEFGUWUGNQK-UHFFFAOYSA-N,O=C(O)CCCC(=O)C1=CC(C(=O)O)=CC1,"experimental, scheme 14",2
op0102159,OPRD-100,ZTNHBZUIYVZGPW-UHFFFAOYSA-N,CCOC(=O)CCCCC(=O)CC(=O)OCC,scheme 6,1
op0000733,OPRD-100,AFVFQIVMOAPDHO-UHFFFAOYSA-N,CS(=O)(=O)O,scheme 1,1
op0000733,OPRD-100,MNMKEULGSNUTIA-UHFFFAOYSA-K,CS(=O)(=O)[O][Bi]([O]S(C)(=O)=O)[O]S(C)(=O)=O,scheme 1,1
op0000733,OPRD-100,NYENCOMLZDQKNH-UHFFFAOYSA-K,O=S(=O)([O][Bi]([O]S(=O)(=O)C(F)(F)F)[O]S(=O)(=O)C(F)(F)F)C(F)(F)F,"experimental, scheme 1",2
op0000733,OPRD-100,OXIZYRVHYXELLR-UHFFFAOYSA-N,CCOC(=O)C(c1ccc(OC)c(Cl)c1)c1ccc(OC)cc1Cl,"experimental, scheme 2",2
op0000733,OPRD-100,WIBGJGPLJGXPSO-UHFFFAOYSA-N,COc1ccc(C(C)c2ccc(OC)c(Cl)c2)c(Cl)c1,scheme 2,1
op0000733,OPRD-100,XLYOFNOQVPJJNP-UHFFFAOYSA-N,O,"experimental, scheme 1",2
op9802125,OPRD-100,LNZXCBFPKNCHMT-UHFFFAOYSA-N,CC(=O)c1cc(Cl)sc1S(N)=O,scheme 3,1
op9802125,OPRD-100,SHTYNFGOUYLYNE-UHFFFAOYSA-N,COCCNSc1sc(Cl)cc1C(C)=O,"scheme 1, scheme 1 AND Text",2
op8002213,OPRD-100,FXBAWZXKSQTWAE-VIFPVBQESA-O,CCOC(=O)C[C@H]([NH3+])c1cc(Cl)cc(Br)c1O,"Experimental Section, Text and Table 2",2
op8002213,OPRD-100,JOXIMZWYDAKGHI-UHFFFAOYSA-M,Cc1ccc(S(=O)(=O)[O-])cc1,"Experimental Section, Text and Table 2",2
acs.oprd.7b00046,OPRD-100,DIXZXRYQFUJJSC-KRWDZBQOSA-N,CC(C)CN1C(=O)c2ccccc2C(=C=O)[C@H]1c1cccs1,Scheme 2,1
acs.oprd.7b00046,OPRD-100,FLMAYNNKDFXEDI-HZPDHXFCSA-N,CC(C)CN1C(=O)c2ccccc2[C@@H](C(=O)O)[C@H]1c1cccs1,"Experimental, Scheme 3, Scheme 4, Table 2, Table 3",5
acs.oprd.7b00046,OPRD-100,FLMAYNNKDFXEDI-JKSUJKDBSA-N,CC(C)CN1C(=O)c2ccccc2[C@H](C(=O)O)[C@H]1c1cccs1,"Experimental, Scheme 1, Scheme 2, Scheme 3, Scheme 4, Table 1",6
acs.oprd.7b00046,OPRD-100,GRMNHCJHARPYRW-BJKOFHAPSA-N,COc1cc(OC)c(NC(=O)[C@H]2c3ccccc3C(=O)N(CC(C)C)[C@@H]2c2cccs2)cc1Cl,Experimental,1
acs.oprd.7b00046,OPRD-100,MCTWTZJPVLRJOU-UHFFFAOYSA-O,Cn1cc[nH+]c1,Scheme 4,1
acs.oprd.7b00046,OPRD-100,NJAVVRWBKNVWMQ-SCOQEPDCSA-M,CCCP(=O)([O-])OP(=O)(CCC)OP(=O)(CCC)OC(=O)[C@H]1c2ccccc2C(=O)N(CC(C)C)[C@@H]1c1cccs1,"Scheme 2, Scheme 4",2
acs.oprd.7b00046,OPRD-100,NJAVVRWBKNVWMQ-ZKOFOKHXSA-M,CCCP(=O)([O-])OP(=O)(CCC)OP(=O)(CCC)OC(=O)[C@@H]1c2ccccc2C(=O)N(CC(C)C)[C@H]1c1cccs1,"Scheme 2, Scheme 4",2
acs.oprd.7b00046,OPRD-100,PAQZWJGSJMLPMG-UHFFFAOYSA-N,CCCP1(=O)OP(=O)(CCC)OP(=O)(CCC)O1,Scheme 2,1
acs.oprd.7b00046,OPRD-100,PBUPDIAWZXEDNZ-UONOGXRCSA-N,O=C(O)[C@H]1c2ccccc2C(=O)N(CC(F)(F)F)[C@@H]1c1cccnc1,"Experimental, Scheme 1",2
acs.oprd.7b00046,OPRD-100,SWNUDOZVVBEEJF-UHFFFAOYSA-L,CCCP(=O)([O-])OP(=O)(CCC)OP(=O)([O-])CCC,"Scheme 2, Scheme 4",2
acs.oprd.7b00046,OPRD-100,VKCPFWKTFZAOTO-LEWJYISDSA-N,N#Cc1cc(NC(=O)[C@H]2c3ccccc3C(=O)N(CC(F)(F)F)[C@@H]2c2cccnc2)ccc1F,"Experimental, Scheme 1",2
acs.oprd.7b00046,OPRD-100,YEBLZTWALSQZMT-DHIUTWEWSA-N,CC(C)CN1C(=O)c2ccccc2[C@@H](C(=O)Nc2cccc(C#N)c2)[C@H]1c1cccs1,"Experimental, Scheme 2, Scheme 4, Table 1, Table 2, Table 3",6
acs.oprd.7b00046,OPRD-100,YEBLZTWALSQZMT-XZOQPEGZSA-N,CC(C)CN1C(=O)c2ccccc2[C@H](C(=O)Nc2cccc(C#N)c2)[C@H]1c1cccs1,"Scheme 1, Scheme 2, Table 1, Table 2, Table 3",5
acs.oprd.7b00046,OPRD-100,ZKZZTOXSLJNDHR-RBUKOAKNSA-N,N#Cc1cc(NC(=O)[C@H]2c3ccccc3C(=O)N(CC(F)(F)F)[C@@H]2c2cn[nH]c2)ccc1F,"Experimental, Scheme 1",2
acs.oprd.7b00046,OPRD-100,ZMANZCXQSJIPKH-UHFFFAOYSA-O,CC[NH+](CC)CC,Scheme 2,1
acs.oprd.7b00046,OPRD-100,ZVEVUZGCZYQIMB-XZOQPEGZSA-N,COc1ccc(NC(=O)[C@H]2c3ccccc3C(=O)N(CC(C)C)[C@@H]2c2cccs2)cc1Cl,Experimental,1
op025504r,OPRD-100,YQDMPWKMKZBVRS-DQEYMECFSA-N,CC(C)(C)OC(=O)N[C@@H](Cc1ccccc1)[C@@H](O)CN(N)Cc1ccc(-c2ccccn2)cc1,Scheme 5,1
op025504r,OPRD-100,ZJTYRNPLVNMVPQ-LBPRGKRZSA-N,CC(C)(C)OC(=O)N[C@H](C=O)Cc1ccccc1,Scheme 1,1
op025504r,OPRD-100,ZRYZBQLXDKPBDU-UHFFFAOYSA-N,O=Cc1ccc(Br)cc1,Scheme 1,1
op700092n,OPRD-100,CCEFMUBVSUDRLG-LPEHRKFASA-N,C=C(C)[C@H]1CC[C@@]2(C)O[C@H]2C1,"Table 1, entry 1, eq 1, Table 1, entry 10, eq 1, Table 1, entry 11, eq 1, Table 1, entry 2, eq 1, Table 1, entry 3, eq 1, Table 1, entry 4, eq 1, Table 1, entry 5, eq 1, Table 1, entry 6, eq 1, Table 1, entry 7, eq 1, Table 1, entry 8, eq 1, Table 1, entry 9, eq 1",11
op700092n,OPRD-100,YTJVBLPAMBTDCH-IHRRRGAJSA-N,C=C(C)[C@H]1CC[C@](C)(O)[C@@H](N2CCOCC2)C1,"Table 1, entry 1, eq 1, Table 1, entry 10, eq 1, Table 1, entry 11, eq 1, Table 1, entry 2, eq 1, Table 1, entry 3, eq 1, Table 1, entry 4, eq 1, Table 1, entry 5, eq 1, Table 1, entry 6, eq 1, Table 1, entry 7, eq 1, Table 1, entry 8, eq 1, Table 1, entry 9, eq 1",11
acs.oprd.0c00134,OPRD-100,WLUYJZCJKALSDU-UHFFFAOYSA-N,O=C1CCc2ncccc2C1S(=O)(=O)c1ccc(F)cc1,Figure 1,1
acs.oprd.0c00149,OPRD-100,CSCPPACGZOOCGX-UHFFFAOYSA-N,CC(C)=O,Scheme 1,1
acs.oprd.0c00149,OPRD-100,FYYHWMGAXLPEAU-UHFFFAOYSA-N,[Mg],"Experimental, Scheme 3, Table 1",3
acs.oprd.0c00149,OPRD-100,JJTUDXZGHPGLLC-QWWZWVQMSA-N,C[C@H]1OC(=O)[C@@H](C)OC1=O,Scheme 1,1
acs.oprd.0c00149,OPRD-100,JJTUDXZGHPGLLC-ZXZARUISSA-N,C[C@@H]1OC(=O)[C@@H](C)OC1=O,Scheme 1,1
acs.oprd.0c00149,OPRD-100,OYPRJOBELJOOCE-UHFFFAOYSA-N,[Ca],"Experimental, Scheme 3, Table 1",3
acs.oprd.0c00149,OPRD-100,OZZQHCBFUVFZGT-IMJSIDKUSA-N,C[C@H](O)C(=O)O[C@@H](C)C(=O)O,"Experimental, Table 3 AND Table 4",2
acs.oprd.0c00149,OPRD-100,ROWKJAVDOGWPAT-GSVOUGTGSA-N,CC(=O)[C@@H](C)O,Scheme 1,1
acs.oprd.0c00149,OPRD-100,ROWKJAVDOGWPAT-VKHMYHEASA-N,CC(=O)[C@H](C)O,Scheme 1,1
acs.oprd.0c00149,OPRD-100,UFHFLCQGNIYNRP-UHFFFAOYSA-N,[HH],"Experimental, Scheme 3, Table 1",3
op050151s,OPRD-100,BBDCZTHBOICRTO-KQRLMAEXSA-M,CC1(C)[C@H](C(=O)[O][Na])N2C(=O)C(Br)(Br)[C@H]2S1(=O)=O,"Experimental, Scheme 3",2
op050151s,OPRD-100,BXTXMOUNNODHKT-CKRWUUDYSA-N,CC1(C)[C@H](C(=O)OCc2ccccc2)C2C(=O)[C@](Br)(CO)[C@H]2S1(=O)=O,Experimental,1
op050151s,OPRD-100,BXTXMOUNNODHKT-JJYYHXSTSA-N,CC1(C)[C@H](C(=O)OCc2ccccc2)C2C(=O)[C@@](Br)(CO)[C@H]2S1(=O)=O,Experimental,1
op050151s,OPRD-100,FVDFSGCNAKZCRX-TWSICATPSA-M,CC1(C)[C@H](C(=O)[O][Na])C2C(=O)C(Br)(Br)[C@H]2S1(=O)=O,Experimental,1
op050151s,OPRD-100,ITEGMYRTMZKSJY-HZUKXOBISA-N,CC1(C)[C@H](C(=O)OCc2ccccc2)N2C(=O)[C@](Br)(CO)[C@@H]2S1(=O)=O,Scheme 2,1
op050151s,OPRD-100,ITEGMYRTMZKSJY-PJODQICGSA-N,CC1(C)[C@H](C(=O)OCc2ccccc2)N2C(=O)[C@@](Br)(CO)[C@@H]2S1(=O)=O,Scheme 2,1
op050151s,OPRD-100,IVSKSGAQEYJXQI-KUNJKIHDSA-N,CC1(C)[C@H](C(=O)OCc2ccccc2)C2C(=O)C(Br)(Br)[C@H]2S1(=O)=O,Experimental,1
op050151s,OPRD-100,LXUSCGHGKVTLLL-JJAZEVLHSA-N,C=S1(=C)[C@@H]2[C@H](CO)C(=O)N2[C@@H](C(=O)O[C@H](C)OC(=O)c2ccccc2)C1(C)C,Scheme 3,1
op050151s,OPRD-100,OQKSDOQLSKENEH-NORSIXQASA-M,CC1(C)[C@H](C(=O)[O][Na])N2C(=O)[C@H](CO)[C@H]2S1(=O)=O,Scheme 2,1
op050151s,OPRD-100,OQKSDOQLSKENEH-PKLNKYFDSA-M,CC1(C)[C@H](C(=O)[O][Na])N2C(=O)[C@@H](CO)[C@H]2S1(=O)=O,Scheme 2,1
op050151s,OPRD-100,XYWXMASWXRKIDS-HCHQLJBOSA-N,CC1(C)[C@H](C(=O)OCc2ccccc2)C2C(=O)[C@@H](CO)[C@H]2S1(=O)=O,Experimental,1
op800252w,OPRD-100,CMIBUZBMZCBCAT-HZPDHXFCSA-M,Cc1ccc(C(=O)O[C@@H](C(=O)[O-])[C@@H](OC(=O)c2ccc(C)cc2)C(=O)O)cc1,Experimental Section,1
op800252w,OPRD-100,WSEQXVZVJXJVFP-UHFFFAOYSA-O,C[NH+](C)CCCC1(c2ccc(F)cc2)OCc2cc(C#N)ccc21,Experimental Section,1
acs.oprd.0c00246,OPRD-100,AUILRVPXPBCBCT-YGCVIUNWSA-M,COc1ccc(O/C(C#N)=C/[O][K])c(C(C)C)c1,"Table 2, Table 3, Table 4, Table 5",4
acs.oprd.0c00246,OPRD-100,BIEOICFQWWJECH-UHFFFAOYSA-N,COc1ccc(OCc2nc(N)nc(N)c2Oc2ccc(OC)cc2C(C)C)c(C(C)C)c1,Scheme 5,1
acs.oprd.0c00246,OPRD-100,CJYCSTNTWTUCRR-JLHYYAGUSA-N,COc1ccc(O/C(C#N)=C/N(C)C)c(C(C)C)c1,Scheme 2,1
acs.oprd.0c00246,OPRD-100,DKGAVHZHDRPRBM-UHFFFAOYSA-N,CC(C)(C)O,Scheme 2,1
acs.oprd.0c00246,OPRD-100,HONIICLYMWZJFZ-UHFFFAOYSA-N,C1CNC1,Scheme 2,1
acs.oprd.0c00246,OPRD-100,HXRAMSFGUAOAJR-UHFFFAOYSA-N,CN(C)C(OC(C)(C)C)N(C)C,"Scheme 1, Scheme 2",2
acs.oprd.0c00246,OPRD-100,JZSRVAHAJXVKAU-SDNWHVSQSA-N,COc1ccc(O/C(C#N)=C/N2CCC2)c(C(C)C)c1,Scheme 2,1
acs.oprd.0c00246,OPRD-100,LTBQHMJDOAZNIL-DTQAZKPQSA-N,COc1ccc(O/C(C#N)=C/N2CCCCC2)c(C(C)C)c1,Scheme 2,1
acs.oprd.0c00246,OPRD-100,LVUUSKDLHKCPDD-UHFFFAOYSA-N,COC(N(C)C)N1CCCC1,Scheme 2,1
acs.oprd.0c00246,OPRD-100,MGYFBFCQCVYJMO-SFQUDFHCSA-N,COc1ccc(O/C(C#N)=C/N(C(C)C)C(C)C)c(C(C)C)c1,Scheme 2,1
acs.oprd.0c00246,OPRD-100,NQRYJNQNLNOLGT-UHFFFAOYSA-N,C1CCNCC1,Scheme 2,1
acs.oprd.0c00246,OPRD-100,OKKJLVBELUTLKV-UHFFFAOYSA-N,CO,Scheme 2,1
acs.oprd.0c00246,OPRD-100,ROSDSFDQCJNGOL-UHFFFAOYSA-N,CNC,Scheme 2,1
acs.oprd.0c00246,OPRD-100,RXOIVAKLSRKVBO-GHRIWEEISA-N,COc1ccc(O/C(C#N)=C/Nc2ccccc2)c(C(C)C)c1,Scheme 1,1
acs.oprd.0c00246,OPRD-100,UAOMVDZJSHZZME-UHFFFAOYSA-N,CC(C)NC(C)C,Scheme 2,1
acs.oprd.1c00188,OPRD-100,YSHISNBUYVNLEP-UHFFFAOYSA-M,C=CCN(CC=C)C(=O)CC(=O)[O][K],"Experimental, Scheme 1, Table 1, Table 2",4
acs.oprd.1c00244,OPRD-100,ANQRDMDBJYHVII-UHFFFAOYSA-N,COc1ccc(-n2nc(C)cc(C(=O)C3C(=O)CCCC3=O)c2=O)cc1OC,Scheme 1,1
acs.oprd.1c00244,OPRD-100,GEOCZQKSCXKQLM-UHFFFAOYSA-M,Cc1cc(Br)c([O][Na])nn1,Scheme 2,1
acs.oprd.1c00244,OPRD-100,HJSLFCCWAKVHIW-UHFFFAOYSA-N,O=C1CCCC(=O)C1,Scheme 1,1
acs.oprd.1c00244,OPRD-100,JOOXCMJARBKPKM-UHFFFAOYSA-N,CC(=O)CCC(=O)O,Scheme 1,1
acs.oprd.1c00244,OPRD-100,RCVDPBFUMYUKPB-UHFFFAOYSA-N,COc1ccc(B(O)O)cc1OC,Scheme 1,1
acs.oprd.1c00244,OPRD-100,SUKJFIGYRHOWBL-UHFFFAOYSA-N,[Na][O]Cl,Experimental,1
op700086d,OPRD-100,NJKRFQIWDJSYOK-UHFFFAOYSA-N,Cc1cccc(C)c1NC(=O)CN1CCNCC1,"Table 1, entry 12, Table 1, entry 14",2
op700086d,OPRD-100,WPQYIUBQOZPAHV-UHFFFAOYSA-N,O=C(c1cc(C(F)(F)F)cc(C(F)(F)F)c1)N1CCC(N2CCN(Cc3ccccc3)CC2)CC1Cc1ccccc1,"Scheme 1, main text",1
op700086d,OPRD-100,YCMNELCUPYNOFH-NLIBRCFJSA-N,Cc1cccc(C)c1NC(=O)CN1CCN(C2CCN(Cc3ccccc3)[C@H](Cc3ccccc3)C2)CC1,"Table 1, entry 12",1
op700086d,OPRD-100,YIYAZYKMGQLRQT-NLIBRCFJSA-N,Cc1cccc(C)c1NC(=O)CN1CCN(C2CCN(C(=O)OCc3ccccc3)[C@H](Cc3ccccc3)C2)CC1,"Table 1, entry 14",1
acs.oprd.8b00409,OPRD-100,FBHXVCQZVVZLCC-UHFFFAOYSA-N,COC(=O)c1[nH]cc(C(=O)NCc2ccc(F)cc2F)c(=O)c1OCc1ccccc1,Scheme 1,1
acs.oprd.8b00409,OPRD-100,FUDXNCAELILTID-UHFFFAOYSA-N,COC(=O)c1cnc(C)c(OCc2ccccc2)c1O,Scheme 1,1
acs.oprd.8b00409,OPRD-100,GNODZHJMUKVFKU-UHFFFAOYSA-N,O=C(O)c1[nH]cc(C(=O)NCc2ccc(F)cc2F)c(=O)c1OCc1ccccc1,Scheme 1,1
acs.oprd.8b00409,OPRD-100,GQNCXSVKEHTHBE-UHFFFAOYSA-N,COC(=O)c1cnc(C)c(OCc2ccccc2)c1OC(C)=O,Scheme 1,1
acs.oprd.8b00409,OPRD-100,IDFJOTDLJDAJRW-UHFFFAOYSA-N,COC(=O)c1c[n+]([O-])c(C)c(OCc2ccccc2)c1OC(C)=O,Scheme 1,1
acs.oprd.8b00409,OPRD-100,MJRWECFGLPWYAL-UHFFFAOYSA-N,C=CCn1cc(C(=O)NCc2ccc(F)cc2F)c(=O)c(OCc2ccccc2)c1C(=O)OC,Scheme 1,1
acs.oprd.8b00409,OPRD-100,PEOWGSSQMHNFHG-UHFFFAOYSA-N,O=C(NCc1ccc(F)cc1F)c1c[nH]c(CO)c(OCc2ccccc2)c1=O,Scheme 1,1
acs.oprd.8b00409,OPRD-100,PGFZURCHGNIEMW-UHFFFAOYSA-N,COC(=O)c1c[nH]c(CO)c(OCc2ccccc2)c1=O,Scheme 1,1
acs.oprd.8b00409,OPRD-100,RTPDVDCGESIMNA-UHFFFAOYSA-N,Cc1ncc(Br)c(O)c1OCc1ccccc1,Scheme 1,1
acs.oprd.8b00409,OPRD-100,UGWJRRXTMKRYNK-VSLILLSYSA-M,C[C@@H]1CCO[C@H]2Cn3cc(C(=O)NCc4ccc(F)cc4F)c(=O)c([O][Na])c3C(=O)N12,"Experimental, Scheme 1, Scheme 6 AND Scheme 7",3
acs.oprd.8b00409,OPRD-100,WBKGCSWOAILTET-UHFFFAOYSA-N,Cc1[nH]ccc(=O)c1OCc1ccccc1,Scheme 1,1
acs.oprd.8b00409,OPRD-100,WIPACLDWNUWLBU-UHFFFAOYSA-N,O=Cc1[nH]cc(C(=O)NCc2ccc(F)cc2F)c(=O)c1OCc1ccccc1,Scheme 1,1
acs.oprd.8b00409,OPRD-100,XKDZDCXMCKXFLH-UHFFFAOYSA-N,COC(=O)c1cnc(COC(C)=O)c(OCc2ccccc2)c1OC(C)=O,Scheme 1,1
acs.oprd.8b00409,OPRD-100,YAKAVVVOCJICME-UHFFFAOYSA-N,COC(=O)c1c(OCc2ccccc2)c(=O)c(C(=O)NCc2ccc(F)cc2F)cn1CC=O,Scheme 1,1
acs.oprd.8b00428,OPRD-100,PAGAJWBCCKFHIT-UHFFFAOYSA-N,OC(c1ccco1)C(O)c1ccco1,Scheme 1,1
acs.oprd.2c00097,OPRD-100,ADRPPOAZEODZBP-UUEFVBAFSA-M,O=C1C[C@@H]2CCC1(CS(=O)(=O)[O-])C2,Scheme 8,1
acs.oprd.2c00097,OPRD-100,CLLSMVDBKCYOMU-SFHVURJKSA-O,CCc1cc(C)cc(CC)c1-c1cc(C)c2c([nH+]1)[C@@H](O)CC2,Scheme 8,1
acs.oprd.2c00097,OPRD-100,DICCKTLYSLKYNN-SNVBAGLBSA-N,CC(=O)N1c2ccccc2[C@H](C)CC1(C)C,Scheme 1,1
acs.oprd.2c00097,OPRD-100,HILAULICMJUOLK-UHFFFAOYSA-N,CCc1cc(C)cc(CC)c1,"Scheme 5, Scheme 6, Table 1",3
acs.oprd.2c00097,OPRD-100,IOAJGXBUESMLML-UHFFFAOYSA-N,CCc1cc(C)cc(CC)c1B(O)c1c(CC)cc(C)cc1CC,Scheme 5,1
acs.oprd.2c00097,OPRD-100,LVMGMMDWCBWSCH-UHFFFAOYSA-N,Cc1ccnc2c1CCC2,"Scheme 6, Table 1",2
acs.oprd.2c00097,OPRD-100,NTEBDFQFERUHKG-UHFFFAOYSA-N,CC(=O)N1c2ccccc2C(C)=CC1(C)C,Scheme 1,1
acs.oprd.3c00184,OPRD-100,QDHHCQZDFGDHMP-UHFFFAOYSA-N,NCl,Experimental,1
acs.oprd.3c00184,OPRD-100,QGZKDVFQNNGYKY-UHFFFAOYSA-O,[NH4+],Experimental,1
acs.oprd.3c00184,OPRD-100,VEXZGXHMUGYJMC-UHFFFAOYSA-M,[Cl-],Experimental,1
op700121y,OPRD-100,ASSKVPFEZFQQNQ-UHFFFAOYSA-N,O=c1[nH]c2ccccc2o1,"Table 1, entry 1, Table 1, entry 10, Table 1, entry 2, Table 1, entry 3, Table 1, entry 4, Table 1, entry 5, Table 1, entry 6, Table 1, entry 7, Table 1, entry 8, Table 1, entry 9",10
op700121y,OPRD-100,JMHSAVDVFHVWMA-UHFFFAOYSA-N,C1CC2OCCCN3C4CCNCC4C(C1)C23,"Scheme 8, main text",1
op700121y,OPRD-100,KRABBWWLDWGYGA-UHFFFAOYSA-N,O=c1oc2ccccc2n1CCCCl,"Scheme 4, main text, Table 1, entry 1, Table 1, entry 10, Table 1, entry 2, Table 1, entry 3, Table 1, entry 4, Table 1, entry 5, Table 1, entry 6, Table 1, entry 7, Table 1, entry 8, Table 1, entry 9",11
op700121y,OPRD-100,OMCQBXJRMGMJEE-UHFFFAOYSA-N,O=c1oc2ccccc2n1CCCBr,"Table 1, entry 1, Table 1, entry 10, Table 1, entry 2, Table 1, entry 3, Table 1, entry 4, Table 1, entry 5, Table 1, entry 6, Table 1, entry 7, Table 1, entry 8, Table 1, entry 9",10
op700121y,OPRD-100,YFNAMDVTSIEUCU-UHFFFAOYSA-N,O=c1oc2ccccc2n1CCCn1c(=O)oc2ccccc21,"Table 1, entry 1, Table 1, entry 10, Table 1, entry 2, Table 1, entry 3, Table 1, entry 4, Table 1, entry 5, Table 1, entry 6, Table 1, entry 7, Table 1, entry 8, Table 1, entry 9",10
op5001226,OPRD-100,DEDYNJVITFVPOG-RNWZCIHWSA-N,CCC(=O)O[C@]1(C(=O)O)[C@H](C)CC2C3C[C@H](F)C4=CC(=O)C=C[C@]4(C)[C@@]3(F)[C@@H](O)C[C@@]21C,"Experimental, Scheme 2, Scheme 3, Scheme 5",4
op5001226,OPRD-100,IDGBABILUUVBET-ZNRLDHKLSA-N,CCC(=O)O[C@]1(C(=O)SCC(=O)O)[C@H](C)CC2C3C[C@H](F)C4=CC(=O)C=C[C@]4(C)[C@@]3(F)[C@@H](O)C[C@@]21C,"Experimental, Scheme 2, Scheme 3, Scheme 4 AND Table 1, Scheme 4 AND Table 2",5
op5001226,OPRD-100,ISSQQUKLQJHHOR-KWLYAVASSA-N,CC(=O)OCC(=O)[C@@]1(O)[C@H](C)CC2C3C[C@H](F)C4=CC(=O)C=C[C@]4(C)[C@@]3(F)[C@@H](O)C[C@@]21C,Scheme 1,1
op5001226,OPRD-100,JXUWKFOWMVNFLP-DRBBXQFKSA-N,C[C@@H]1CC2C3C[C@H](F)C4=CC(=O)C=C[C@]4(C)[C@@]3(F)[C@@H](O)C[C@]2(C)[C@@]1(O)C(=O)CI,"Experimental, Scheme 1",2
op5001226,OPRD-100,KGCMVKLEIFNHGC-NWBZAITASA-N,CCC(=O)O[C@@]1(F)[C@H](C)CC2C3C[C@H](F)C4=CC(=O)C=C[C@]4(C)[C@@]3(F)[C@@H](O)C[C@@]21C,Scheme 5,1
op5001226,OPRD-100,NQWYRNSFHOLIDB-DCPWPRNHSA-N,CCC(=O)O[C@]1(C(=O)SC(=O)N(C)C)[C@H](C)CC2C3C[C@H](F)C4=CC(=O)C=C[C@]4(C)[C@@]3(F)[C@@H](O)C[C@@]21C,"Experimental, Scheme 2, Scheme 3",3
op5001226,OPRD-100,QGESYFOFLPJDJW-RNWZCIHWSA-N,CCC(=O)O[C@]1(C(=O)S)[C@H](C)CC2C3C[C@H](F)C4=CC(=O)C=C[C@]4(C)[C@@]3(F)[C@@H](O)C[C@@]21C,"Experimental, Scheme 2, Scheme 3",3
op5001226,OPRD-100,QSVBUQTYFQFEHC-FULJYSEXSA-N,C[C@@H]1CC2C3C[C@H](F)C4=CC(=O)C=C[C@]4(C)[C@@]3(F)[C@@H](O)C[C@]2(C)[C@@]1(O)C(=O)O,"Experimental, Scheme 1, Scheme 2, Scheme 3",4
op5001226,OPRD-100,TUDAXQKYSCXPKR-KYFQBKCUSA-N,CC(=O)[C@@]1(O)[C@H](C)CC2C3C[C@H](F)C4=CC(=O)C=C[C@]4(C)[C@@]3(F)[C@@H](O)C[C@@]21C,"Experimental, Scheme 1, Scheme 3",3
op5001226,OPRD-100,WMWTYOKRWGGJOA-WYZONABHSA-N,CCC(=O)O[C@]1(C(=O)SCF)[C@H](C)CC2C3C[C@H](F)C4=CC(=O)C=C[C@]4(C)[C@@]3(F)[C@@H](O)C[C@@]21C,"Experimental, Scheme 2, Scheme 3, Scheme 4 AND Table 1, Scheme 4 AND Table 2, Scheme 5",6
op5001226,OPRD-100,YOZUYDVYGVWLST-WYZONABHSA-N,CCC(=O)O[C@]1(C(=O)SCO)[C@H](C)CC2C3C[C@H](F)C4=CC(=O)C=C[C@]4(C)[C@@]3(F)[C@@H](O)C[C@@]21C,Scheme 2,1
acs.oprd.8b00139,OPRD-100,HFBNSECTGDGKLE-UHFFFAOYSA-N,N#CC1=CC(=O)CCC1,"Experimental, Table 4",2
acs.oprd.8b00179,OPRD-100,CXEAKCGTDDADJS-FTRWYGJKSA-N,COC(=O)[C@H]1C[C@@]2(C[C@@H]1NC(=O)OCc1ccccc1)OCCC2(C)C,Scheme 1,1
acs.oprd.8b00179,OPRD-100,DINFKQKYWDIFSV-RYUDHWBXSA-N,COC(=O)[C@H]1CC(=O)C[C@@H]1C(=O)Oc1ccccc1,Scheme 1,1
acs.oprd.8b00179,OPRD-100,FVRHTIIWQKUYTM-QWRGUYRKSA-N,COC(=O)[C@@H](CC(=O)O)[C@H](CC(=O)O)C(=O)Oc1ccccc1,Scheme 1,1
acs.oprd.8b00179,OPRD-100,GMKJWKXCHOWVDN-RNFRBKRXSA-N,COC(=O)[C@@H]1CC(=O)C[C@H]1C(=O)OC,"Experimental, Scheme 2, Scheme 9",3
acs.oprd.8b00179,OPRD-100,HCHKCACWOHOZIP-UHFFFAOYSA-N,[Zn],Experimental,1
acs.oprd.8b00179,OPRD-100,KMOUUZVZFBCRAM-OLQVQODUSA-N,O=C1OC(=O)[C@@H]2CC=CC[C@H]12,Scheme 1,1
acs.oprd.8b00179,OPRD-100,MWLIRLRXMPQYKU-NIJOCRIKSA-N,CC(C)(C)OC(=O)N1CCC[C@H](NC(=O)[C@H]2C[C@@]3(C[C@@H]2NC(=O)Oc2ccccc2)OCCC3(C)C)C1,"Experimental, Scheme 8, Scheme 9",3
acs.oprd.8b00179,OPRD-100,MXTOXCKJPMKHHT-DOXZYTNZSA-N,COC(=O)[C@H]1C[C@@](O)(C(C)(C)CCO)C[C@@H]1C(=O)Oc1ccccc1,Scheme 1,1
acs.oprd.8b00179,OPRD-100,MYYLMIDEMAPSGH-BQBZGAKWSA-N,COC(=O)[C@H]1CC=CC[C@@H]1C(=O)O,Scheme 1,1
acs.oprd.8b00179,OPRD-100,PAAZPARNPHGIKF-UHFFFAOYSA-N,BrCCBr,Experimental,1
acs.oprd.8b00179,OPRD-100,PUUDLCITFBQGAJ-STQMWFEESA-N,COC(=O)[C@H]1CC=CC[C@@H]1C(=O)Oc1ccccc1,Scheme 1,1
acs.oprd.8b00179,OPRD-100,VSZHIGJBGBNXPZ-DOXZYTNZSA-N,C=CC(C)(C)[C@]1(O)C[C@H](C(=O)OC)[C@@H](C(=O)Oc2ccccc2)C1,Scheme 1,1
acs.oprd.8b00179,OPRD-100,VSZHIGJBGBNXPZ-YIYRCGFGSA-N,C=CC(C)(C)C1(O)C[C@H](C(=O)OC)[C@@H](C(=O)Oc2ccccc2)C1,Scheme 1,1
acs.oprd.8b00179,OPRD-100,WNKQQOXARRKDOF-DOXZYTNZSA-N,COC(=O)[C@H]1C[C@@]2(C[C@@H]1C(=O)Oc1ccccc1)OCCC2(C)C,Scheme 1,1
acs.oprd.6b00011,OPRD-100,GTKPFCZIGXALKJ-UHFFFAOYSA-N,CC(=O)Nc1ncc(-c2nc(N3CCOCC3)c3nc4n(c3n2)CCOC4(C)C)cn1,"Figure 10, Figure 11",2
acs.oprd.6b00011,OPRD-100,XNXCORUTFNKZGI-UHFFFAOYSA-N,CC(C)(O)c1nc2c(N3CCOCC3)nc(Cl)nc2n1CCO,Scheme 1,1
acs.oprd.7b00153,OPRD-100,BLUAFEHZUWYNDE-YSUSSWRZSA-N,C[C@@H]1CCC2[C@@H](C)C(=O)O[C@@H]3O[C@@]4(C)CCC1[C@@]23OO4,"Scheme 5, Table 1",2
op7002198,OPRD-100,HMCZDCKAEPCEGT-UHFFFAOYSA-N,CCCCCCCCCCCCCCCCCC(=O)NCCOCCOCC(=O)O,Experimental,1
acs.oprd.7b00217,OPRD-100,AOWNYDDZDLTCGB-UHFFFAOYSA-N,COc1ccc(N)c(O)c1,Figure 7,1
acs.oprd.7b00217,OPRD-100,HFCOMOKKPQIADM-UHFFFAOYSA-N,CC(C)(C)c1ccc(N)c(O)c1,Figure 7,1
acs.oprd.7b00217,OPRD-100,MKMCJLMBVKHUMS-UHFFFAOYSA-N,COc1ccc2[nH]c(=O)oc2c1,Figure 7,1
acs.oprd.7b00217,OPRD-100,RDJXPXHQENRCNG-UHFFFAOYSA-N,Nc1cc2nc3ccccc3oc-2cc1=O,Table 1,1
acs.oprd.7b00217,OPRD-100,SOFXMTPJGAMAAC-UHFFFAOYSA-N,CC(C)(C)c1ccc2[nH]c(=O)oc2c1,Figure 7,1
op4002356,OPRD-100,VMKAEJIWINPIOE-CJNGLKHVSA-N,C#C[C@](C)(O)CC(=O)N1C(=O)OC[C@H]1Cc1ccccc1,Scheme 3,1
op4002356,OPRD-100,XLYOFNOQVPJJNP-UHFFFAOYSA-N,O,Experimental,1
op4002356,OPRD-100,XRGPFNGLRSIPSA-UHFFFAOYSA-N,C#CC(C)=O,Scheme 3,1
op3002454,OPRD-100,MDVODIFOKYRNHD-ZISLFAKRSA-N,CC(=O)n1cc(C[C@H]2CCCN2C)c2cc(/C=C/S(=O)(=O)c3ccccc3)ccc21,Experimental,1
op3002454,OPRD-100,ZDZOKWQKWPYACJ-JGKWMGOWSA-N,COC(CS(=O)(=O)c1ccccc1)c1ccc2c(c1)c(C[C@H]1CCCN1C)cn2C(C)=O,"Table 1, entry 1, Table 1, entry 10, Table 1, entry 2, Table 1, entry 3, Table 1, entry 4, Table 1, entry 5, Table 1, entry 6, Table 1, entry 7, Table 1, entry 8, Table 1, entry 9, Table 2, entry 1, Table 2, entry 2, Table 2, entry 3, Table 2, entry 4, Table 2, entry 5, Table 2, entry 6, Table 2, entry 7, Table 2, entry 8, Table 2, entry 9",19
op5000489,OPRD-100,IMCVVUMATITGNN-OAQYLSRUSA-N,CC(=O)CC[C@@]1(CCOc2ccccc2)Cc2ccccc2C1=O,Scheme 3,1
op5000489,OPRD-100,INUNLMUAPJVRME-UHFFFAOYSA-N,O=C(Cl)CCCl,Scheme 1,1
op5000489,OPRD-100,LQTCWWPSORPTSP-UHFFFAOYSA-N,COc1cc2c(cc1Cl)C(=O)CC2,Scheme 1,1
op5000489,OPRD-100,PFYDMIKGRRXOMN-BAHMLBHCSA-N,O=C1C(C(F)(F)F)=C2c3cc(Cl)c4[nH]nnc4c3C[C@@]23CC[C@@H]1C3,Scheme 1,1
op5000489,OPRD-100,PKTGNYCNMDELFU-BAHMLBHCSA-N,Nc1c(Cl)cc2c(c1N)C[C@]13CC[C@H](C1)C(=O)C(C(F)(F)F)=C23,Scheme 1,1
op5000489,OPRD-100,QGRPVMLBTFGQDQ-UHFFFAOYSA-N,COc1ccccc1Cl,Scheme 1,1
op5000489,OPRD-100,RMJJBFQAVNWJIB-QGHHPUGFSA-N,CC(=O)Nc1cc2c(cc1Cl)C1=CC(=O)[C@@H]3CC[C@@]1(C2)C3,Scheme 1,1
op5000489,OPRD-100,RYQILFWZLKOHDP-MRXNPFEDSA-N,COc1cc2c(cc1Cl)C1=CC(=O)CC[C@@]1(CCF)C2,Scheme 1,1
op5000489,OPRD-100,UNHXWOOCKNZRQJ-UHFFFAOYSA-N,COc1cc2c(cc1Cl)C(=O)C(CCF)C2,Scheme 1,1
op5000489,OPRD-100,VJRYOXWQCYUXDB-MLXNANBUSA-N,Nc1cc2c(cc1Cl)C1=C(C(F)(F)F)C(=O)[C@@H]3CC[C@@]1(C2)C3,Scheme 1,1
op5000489,OPRD-100,WQCOCAOFFMHNAF-UHFFFAOYSA-N,[Li][N](C)CCN(C)C,Scheme 4,1
op3002678,OPRD-100,FMYGWFUUVQICDN-RNFRBKRXSA-O,C[C@@H]1CC[C@@H](CO)C[NH2+]1,Scheme 2,1
op3002678,OPRD-100,MIOPJNTWMNEORI-GMSGAONNSA-M,CC1(C)[C@@H]2CC[C@@]1(CS(=O)(=O)[O-])C(=O)C2,Scheme 2,1
op3002678,OPRD-100,MIOPJNTWMNEORI-UHFFFAOYSA-N,CC1(C)C2CCC1(CS(=O)(=O)O)C(=O)C2,Experimental,1
acs.oprd.2c00047,OPRD-100,BJHIKXHVCXFQLS-UHFFFAOYSA-N,O=C(CO)C(O)C(O)C(O)CO,Scheme 1,1
acs.oprd.2c00047,OPRD-100,FBPFZTCFMRRESA-ALMVMMGASA-N,OCC(O)C(O)C(O)[C@@H](O)CO,Scheme 1,1
acs.oprd.2c00047,OPRD-100,FBPFZTCFMRRESA-OMEINRLFSA-N,OCC(O)C(O)C(O)[C@H](O)CO,Scheme 1,1
acs.oprd.2c00047,OPRD-100,VASLEPDZAKCNJX-NEEWWZBLSA-N,C[C@H](O)[C@H]1OC(=O)[C@@H](O)[C@@H]1O,Scheme 2,1
acs.oprd.2c00047,OPRD-100,VQHSOMBJVWLPSR-AVXCFOOMSA-N,OC[C@@H](O)[C@@H](O[C@H]1O[C@H](CO)[C@H](O)[C@H](O)[C@H]1O)[C@H](O)[C@@H](O)CO,"Experimental, Scheme 4",2
acs.oprd.6b00156,OPRD-100,CHVRAEINDYZISG-UHFFFAOYSA-N,CCOC(=O)c1cn(CC(OC)OC)c(C(=O)OCC)c(OC)c1=O,Scheme 1,1
acs.oprd.6b00156,OPRD-100,HDYQLGLEPPGPEV-UHFFFAOYSA-N,O=C(OCc1ccccc1)C(F)(F)F,Scheme 4,1
acs.oprd.6b00156,OPRD-100,KGWJKKUSXSBPSK-APPZFPTMSA-N,COc1c2n(cc(C(=O)O)c1=O)C[C@@H]1OCC[C@@H](C)N1C2=O,Scheme 1,1
acs.oprd.6b00156,OPRD-100,LFXUWXFSYMTEEK-UHFFFAOYSA-N,COC(=O)c1cn(CC(OC)OC)c(C(=O)OC)c(OC)c1=O,Scheme 1,1
acs.oprd.6b00156,OPRD-100,MOSMLVZNRGURDI-BZNIZROVSA-N,COc1c2n(cc(C(=O)NCc3ccc(F)cc3F)c1=O)C[C@@H]1OCC[C@@H](C)N1C2=O,Scheme 1,1
acs.oprd.6b00156,OPRD-100,OHNTXHSVVIUFLD-UHFFFAOYSA-N,COC(=O)c1occ(C)c(=O)c1OCc1ccccc1,Experimental,1
acs.oprd.6b00156,OPRD-100,UGWJRRXTMKRYNK-VSLILLSYSA-M,C[C@@H]1CCO[C@H]2Cn3cc(C(=O)NCc4ccc(F)cc4F)c(=O)c([O][Na])c3C(=O)N12,"Experimental, Scheme 2",2
acs.oprd.6b00156,OPRD-100,WLQNLLQAMZMSIH-UHFFFAOYSA-N,CCOC(=O)c1c(OC)c(=O)c(C(=O)O)cn1CC(OC)OC,Scheme 1,1
acs.oprd.6b00156,OPRD-100,XAXGEECGULRZGN-UHFFFAOYSA-N,COC(=O)c1c(OC)c(=O)c(C(=O)O)cn1CC(OC)OC,Scheme 1,1
acs.oprd.6b00156,OPRD-100,ZDGISUYEWLNXAP-OAQYLSRUSA-N,C[C@H](CCOC(=O)c1cccnc1)n1ccn2cc(C(=O)NCc3ccc(F)cc3F)c(=O)c(OCc3ccccc3)c2c1=O,Scheme 3,1
op5000094,OPRD-100,CBRCXCUKSJGRHK-UHFFFAOYSA-N,Cc1nn(-c2ncccc2C=O)cc1C(C)N1CCC2(CC1)OCC(F)(F)c1cc(Cl)sc12,Scheme 1,1
op5000094,OPRD-100,PEWMVDIBIRMSAC-QYKNYGDISA-N,[2H]C1COC2(CCN(C(=O)OC(C)(C)C)CC2)c2sc(Cl)cc21,Scheme 3,1
op5000094,OPRD-100,PFUJEFNTXDGZOP-UHFFFAOYSA-N,Cc1n[nH]cc1C(C)N1CCC2(CC1)OCC(F)(F)c1cc(Cl)sc12,Scheme 1,1
op5000094,OPRD-100,PRFGNXYGGHDSSQ-UHFFFAOYSA-N,CCOC(=O)c1cccnc1-n1cc(Cc2c(Cl)sc3c2C(F)(F)COC32CCNCC2)c(C)n1,Experimental,1
op5000094,OPRD-100,SEZXIVWOSWMFQB-UHFFFAOYSA-N,CCOC(=O)c1cccnc1-n1ccc(CN2CCC3(CC2)OCC(F)(F)c2cc(Cl)sc23)n1,Experimental,1
op5000094,OPRD-100,VRLDVERQJMEPIF-UHFFFAOYSA-N,CC1(C)C(=O)N(Br)C(=O)N1Br,Scheme 4,1
op5000094,OPRD-100,ZIVODOGMMVXZDE-UHFFFAOYSA-N,Cc1nn(-c2ncccc2CO)cc1C(C)N1CCC2(CC1)OCC(F)(F)c1cc(Cl)sc12,Scheme 1,1
acs.oprd.5b00014,OPRD-100,CMIBUZBMZCBCAT-HOTGVXAUSA-N,Cc1ccc(C(=O)O[C@H](C(=O)O)[C@H](OC(=O)c2ccc(C)cc2)C(=O)O)cc1,Scheme 2,1
acs.oprd.5b00014,OPRD-100,CMQCDPNYSJUSEH-DKWTVANSSA-M,O=C([O][K])[C@@H]1CO1,"Scheme 3, experimental",2
acs.oprd.5b00014,OPRD-100,COMXZAIDKIXIKT-UHFFFAOYSA-O,O=S(=O)(O)OCC[NH2+]Cc1ccccc1,"Scheme 3, experimental",2
acs.oprd.5b00014,OPRD-100,FCJCZDKLUCSMOH-MERQFXBCSA-L,O=C([O][K])[C@@H](O)CN(CCOS(=O)(=O)[O-])Cc1ccccc1,Scheme 3,1
acs.oprd.5b00014,OPRD-100,OYUNTGBISCIYPW-UHFFFAOYSA-N,C=C(Cl)C#N,Scheme 2,1
acs.oprd.5b00014,OPRD-100,SJYVXXCOGJIFDF-IDMXKUIJSA-L,O=C([O][K])[C@@H](O)CN(CCOS(=O)(=O)[O][K])Cc1ccccc1,"Scheme 3, experimental",2
acs.oprd.5b00014,OPRD-100,VEXZGXHMUGYJMC-UHFFFAOYSA-N,Cl,Scheme 2,1
op5001463,OPRD-100,CNLOQAHIIQXQFD-UHFFFAOYSA-N,CC(C)OC(=O)c1ccc(-n2cc(C(=O)NC3C4CC5CC(C4)CC3C5)c(C(C)(C)C)n2)cc1,Experimental,1
op5001463,OPRD-100,DKNWSYNQZKUICI-UHFFFAOYSA-N,NC12CC3CC(CC(C3)C1)C2,Experimental,1
op5001463,OPRD-100,FGWIMLJDOSICBM-DIBXZPPDSA-N,CC(C)(C)C(=O)/C(=N/Nc1ccc(C(=O)O)cc1)C(=O)NC12CC3CC(CC(C3)C1)C2,Experimental,1
op5001463,OPRD-100,FTAGUQMXNRFTBX-FOWTUZBSSA-N,CN(C)/C=C(/C(=O)NC12CC3CC(CC(C3)C1)C2)C(=O)C(C)(C)C,Experimental,1
op5001463,OPRD-100,FTLCBLMFBXSKLY-UHFFFAOYSA-N,CC(C)(C)c1cc(C(=O)NC2C3CC4CC(C3)CC2C4)n(-c2ccc(C(=O)O)cc2)n1,Experimental,1
op5001463,OPRD-100,NZCPNOLFWNSVMF-UHFFFAOYSA-N,CC(C)(C)C(=O)CC(=O)NC12CC3CC(CC(C3)C1)C2,Experimental,1
op5001463,OPRD-100,QZWNXXINFABALM-UHFFFAOYSA-O,[NH3+]C1C2CC3CC(C2)CC1C3,Scheme 2,1
op5001463,OPRD-100,SMEBETUDRJVWJW-UHFFFAOYSA-N,COC(=O)c1ccc(-n2cc(C(=O)NC3C4CC5CC(C4)CC3C5)c(C(C)(C)C)n2)cc1,Experimental,1
op5001463,OPRD-100,SULGGMDSHXXJNB-UHFFFAOYSA-N,CC(C)(C)c1nn(-c2ccc(C(=O)O)cc2)cc1C(=O)NC1C2CC3CC(C2)CC1C3,Experimental,1
op5001463,OPRD-100,VEXZGXHMUGYJMC-UHFFFAOYSA-M,[Cl-],Scheme 2,1
op5001513,OPRD-100,BNKQZIRTIXKZMF-FLIBITNWSA-N,CC/C(=N/O)c1ccnc(S(C)(=O)=O)c1,"Experimental, Scheme 4",2
op5001513,OPRD-100,CSFZBOFCCCTBBW-ONNFQVAWSA-N,C/C=C(/NC(=O)CC)c1ccnc(S(C)(=O)=O)c1,"Scheme 6, Table 2, Table 3",3
op5001513,OPRD-100,IGRLNCOFYMWKBU-UHFFFAOYSA-N,CCOC(=O)c1ccnc(Cl)c1,Scheme 8,1
op5001513,OPRD-100,KLAVMCZNXNMQNK-VZUCSPMQSA-N,C/C=C(/NC(=O)C(C)C)c1ccnc(S(C)(=O)=O)c1,"Table 2, Table 3",2
op5001513,OPRD-100,NRKYWOKHZRQRJR-UHFFFAOYSA-N,NC(=O)C(F)(F)F,Table 2,1
op5001513,OPRD-100,UAIRPVZZMHIFSW-FPYGCLRLSA-N,C/C=C(/NC(=O)C(F)(F)F)c1ccnc(S(C)(=O)=O)c1,Table 2,1
op5001513,OPRD-100,WAPOENJRZFUQLC-IZZDOVSWSA-N,C/C=C(/NC(=O)C(C)(C)C)c1ccnc(S(C)(=O)=O)c1,"Table 2, Table 3",2
op5001513,OPRD-100,WHPJOGSCRHMEDX-ONNFQVAWSA-N,C/C=C(/NC(C)=O)c1ccnc(S(C)(=O)=O)c1,"Scheme 4, Scheme 5, Table 2, Table 3",4
op034028h,OPRD-100,DKCKSIDGHAKTNJ-LBPRGKRZSA-N,CC(C)(C)OC(=O)NC[C@H]1CN(c2ccccc2)C(=O)O1,Scheme 6,1
op034028h,OPRD-100,FCNMUAPZQUTXIQ-UHFFFAOYSA-N,CC(C)COC(=O)Nc1ccc(C2CCSCC2)cc1,Table 2,1
op034028h,OPRD-100,HBTVZPMDLRPWKZ-YFKPBYRVSA-N,CC(=O)NC[C@H]1CO1,"Experimental, Scheme 1",2
op034028h,OPRD-100,HQOHNOBCHBZOHV-GFCCVEGCSA-N,CC(C)(C)OC(=O)NC[C@H](O)CNc1ccccc1,Scheme 6,1
op034028h,OPRD-100,HSGZLFWXBIVLBD-GFCCVEGCSA-N,CC(=O)NC[C@@H]1CN(c2cc(F)c(N3CCS(=O)(=O)CC3)c(F)c2)C(=O)O1,Experimental,1
op034028h,OPRD-100,HXIRRTKMRUQCIG-INIZCTEOSA-N,CC(=O)NC[C@H]1CN(c2ccc(C3CCS(=O)(=O)CC3)cc2)C(=O)O1,Table 1,1
op034028h,OPRD-100,IHCACECIGZUAOH-AWEZNQCLSA-N,CC(=O)C[C@H]1CN(c2ccc(C3CCSCC3)c(F)c2)C(=O)O1,Table 1,1
op034028h,OPRD-100,IKISJVHYIWZBRX-UHFFFAOYSA-N,COC(=O)Nc1ccc(N2CCOCC2)c(F)c1,Scheme 1,1
op034028h,OPRD-100,IWQKGZCKJMWODX-AWEZNQCLSA-N,CC(=O)C[C@H]1CN(c2ccc(C3CCS(=O)(=O)CC3)c(F)c2)C(=O)O1,Table 1,1
op034028h,OPRD-100,JHHJASIJSGMYQB-OAHLLOKOSA-N,CC(=O)N[C@H]1CN(c2ccc(C3=CCSCC3)c(F)c2)C(=O)O1,Scheme 3,1
op034028h,OPRD-100,KSFFVBMXWMWBPL-UHFFFAOYSA-N,CC(C)(C)COC(=O)Nc1cc(F)c(N2CCS(=O)(=O)CC2)c(F)c1,Experimental,1
op034028h,OPRD-100,KTSYLLXCSUQNLJ-INIZCTEOSA-N,CC(=O)NC[C@H]1CN(c2ccc(C3=CCSCC3)cc2)C(=O)O1,Experimental,1
op034028h,OPRD-100,LEDKTMWGVFWKDT-AWEZNQCLSA-N,CC(=O)C[C@H]1CN(c2ccc(C3=CCSCC3)c(F)c2)C(=O)O1,Table 1,1
op034028h,OPRD-100,MIOPJNTWMNEORI-OMNKOJBGSA-N,CC1(C)C2CC[C@@]1(CS(=O)(=O)O)C(=O)C2,"Experimental, Table 4",1
op034028h,OPRD-100,MNLFJEFGJSTWFK-NSHDSACASA-N,CC(=O)C[C@H]1CN(c2cccc(F)c2)C(=O)O1,Table 1,1
op034028h,OPRD-100,PAYRUJLWNCNPSJ-UHFFFAOYSA-N,Nc1ccccc1,Scheme 6,1
op034028h,OPRD-100,QTUGEWQIZYQITL-RXMQYKEDSA-N,CC1=NC[C@H](CO)O1,Scheme 1,1
op034028h,OPRD-100,ROGIZINZPKKEFU-ZDUSSCGKSA-N,CC(=O)C[C@H]1CN(c2ccc(N3CCOCC3)c(F)c2)C(=O)O1,Table 1,1
op034028h,OPRD-100,VTRFKDPDRIBOPO-HNNXBMFYSA-N,CC(C)(C)OC(=O)NC[C@H]1CN(c2ccc(C3CCSCC3)c(F)c2)C(=O)O1,"Experimental, Scheme 8",2
op034028h,OPRD-100,WKKCSNDIZGCYDA-HNNXBMFYSA-N,CC(C)(C)OC(=O)NC[C@H]1CN(c2ccc(C3CCS(=O)(=O)CC3)c(F)c2)C(=O)O1,"Experimental, Scheme 8",2
op034028h,OPRD-100,WQFXIGBBKQYMFO-LURJTMIESA-N,CC[C@H]1CN=C(C)O1,Experimental,1
op034028h,OPRD-100,WYUUIRIAVPAUJA-UHFFFAOYSA-N,CC(C)COC(=O)Nc1ccc(C2=CCSCC2)cc1,Table 2,1
op034028h,OPRD-100,XLSAGRPSHDKAKT-UHFFFAOYSA-N,O=C(Nc1ccc(N2CCOCC2)c(F)c1)OC(=O)c1ccccc1,Table 2,1
op034028h,OPRD-100,XWJZCAOMAPZUFS-RXMQYKEDSA-N,CC(=O)NC[C@H](O)CCl,"Experimental, Scheme 1",2
acs.oprd.6b00210,OPRD-100,JJVKJJNCIILLRP-UHFFFAOYSA-N,CCc1cccc(C)c1N,Scheme 6,1
op0501287,OPRD-100,JJWJSIAJLBEMEN-ZDUSSCGKSA-N,O=C1Nc2ccc(Cl)cc2[C@@](C#CC2CC2)(C(F)(F)F)N1,Scheme 1,1
op5002353,OPRD-100,ACUWVDRCUXCXPR-UHFFFAOYSA-N,COc1ccc(-c2cccc(C(F)(F)F)c2)cc1OC,Scheme 1,1
op5002353,OPRD-100,AOWMOCMDAHUUKD-UHFFFAOYSA-N,COC(=O)c1ccc([N+]#N)cc1,"Experimental, Table 1, Table 2",3
op5002353,OPRD-100,BKAZQDWJVJUJNW-UHFFFAOYSA-N,O=[N+]([O-])c1ccc(-c2ccccc2C(F)(F)F)cc1,Table 4,1
op5002353,OPRD-100,CZGLIAXPNCFRRC-UHFFFAOYSA-N,N#[N+]c1cccc(C(F)(F)F)c1,Scheme 1,1
op5002353,OPRD-100,IBYCWKWDGZMDQM-UHFFFAOYSA-N,N#[N+]c1ccc(C(F)(F)F)nc1,"Experimental, Table 4",2
op5002353,OPRD-100,ICMFHHGKLRTCBM-UHFFFAOYSA-N,N#[N+]c1ccc([N+](=O)[O-])cc1,Table 4,1
op5002353,OPRD-100,IOGXOCVLYRDXLW-UHFFFAOYSA-N,CC(C)(C)ON=O,Scheme 2,1
op5002353,OPRD-100,JNSBEPKGFVENFS-UHFFFAOYSA-N,OB(O)c1ccccc1C(F)(F)F,Table 4,1
op5002353,OPRD-100,ODGCEQLVLXJUCC-UHFFFAOYSA-N,F[B-](F)(F)F,"Experimental, Scheme 1, Scheme 2, Table 1, Table 2, Table 4",6
op5002353,OPRD-100,PTZGBPAXEKEBSB-UHFFFAOYSA-N,N#[N+]c1cccc([N+](=O)[O-])c1,"Experimental, Table 4",2
op5002353,OPRD-100,QSBJNZNXOVWTCN-UHFFFAOYSA-N,N#[N+]c1ccc2c(c1)OCO2,"Experimental, Table 4",2
op5002353,OPRD-100,RCVDPBFUMYUKPB-UHFFFAOYSA-N,COc1ccc(B(O)O)cc1OC,Scheme 1,1
op5002353,OPRD-100,TYTYRRYKPAKXPF-UHFFFAOYSA-N,c1cc2c(cc1-c1ccc3c(c1)OCO3)OCO2,Table 4,1
op5002353,OPRD-100,UPQQTAIBAVTEGV-UHFFFAOYSA-N,N#[N+]c1ccc(Br)cc1,Table 4,1
op5002353,OPRD-100,UTPQPWXEARCGET-UHFFFAOYSA-N,N#Cc1ccccc1[N+]#N,"Experimental, Scheme 2, Scheme 3, Table 4",4
op5002353,OPRD-100,WLFOCJZTUVTKON-UHFFFAOYSA-N,Cc1cc(=O)c2ccc([N+]#N)cc2o1,"Experimental, Table 4",2
op5002353,OPRD-100,XYFCGHOOAKDJGQ-UHFFFAOYSA-N,N#Cc1ccc([N+]#N)cc1,"Experimental, Table 4",2
op5002353,OPRD-100,XYMZNNGTHKHCJH-UHFFFAOYSA-N,F[B-](F)(F)[O+]1CCCC1,Scheme 2,1
op5003402,OPRD-100,CCXFKJBMYLLRBW-CYBMUJFWSA-O,C[NH+]1CCCC[C@@H]1CCc1ccccc1N,"Experimental, Scheme 1, Scheme 4, Scheme 7",4
op5003402,OPRD-100,CCXFKJBMYLLRBW-UHFFFAOYSA-O,C[NH+]1CCCCC1CCc1ccccc1N,"Scheme 1, Scheme 2, Scheme 4, Scheme 7",4
op5003402,OPRD-100,CCXFKJBMYLLRBW-ZDUSSCGKSA-O,C[NH+]1CCCC[C@H]1CCc1ccccc1N,Scheme 1,1
op5003402,OPRD-100,LSPHULWDVZXLIL-LDWIPMOCSA-M,CC1(C)[C@@H](C(=O)O)CC[C@@]1(C)C(=O)[O-],"Experimental, Scheme 4, Scheme 7",3
op5003402,OPRD-100,SUTBWNVXYVVQJW-MDZDMXLPSA-O,C[NH+]1CCCCC1/C=C/c1ccccc1[N+](=O)[O-],Scheme 7,1
op5003402,OPRD-100,UXIPFQUBOVWAQW-PVGBUVFQSA-O,C[NH+]1CCCC[C@@H]1CCc1ccccc1NC(=O)/C=C/c1ccccc1,"Experimental, Scheme 7",2
op5003402,OPRD-100,WEJVAVJWAOLTIR-UHFFFAOYSA-N,C[n+]1ccccc1CCc1ccccc1[N+](=O)[O-],"Scheme 1, Scheme 2",2
op5003402,OPRD-100,YONLFQNRGZXBBF-ZIAGYGMSSA-M,O=C(O[C@@H](C(=O)[O-])[C@@H](OC(=O)c1ccccc1)C(=O)O)c1ccccc1,Scheme 1,1
acs.oprd.6b00231,OPRD-100,AWMVMTVKBNGEAK-QMMMGPOBSA-N,c1ccc([C@@H]2CO2)cc1,Scheme 1,1
acs.oprd.6b00231,OPRD-100,CBVMLUHTBIZQRL-IBGZPJMESA-N,CC(C)(C)OC(=O)N(CCc1ccc(N)cc1)C[C@H](O)c1ccccc1,Scheme 1,1
acs.oprd.6b00231,OPRD-100,CZXVZFSVMHLZMY-IBGZPJMESA-N,CC(C)(C)OC(=O)N(CCc1ccc([N+](=O)[O-])cc1)C[C@H](O)c1ccccc1,Scheme 1,1
acs.oprd.6b00231,OPRD-100,DYCLHZPOADTVKK-UHFFFAOYSA-N,Nc1nc(CC(=O)O)cs1,"Scheme 1, Scheme 2",2
acs.oprd.6b00231,OPRD-100,FVQURKCOFMEJLM-QFIPXVFZSA-N,CC(C)(C)OC(=O)N(CCc1ccc(NC(=O)Cc2csc(N)n2)cc1)C[C@H](O)c1ccccc1,Scheme 1,1
acs.oprd.6b00231,OPRD-100,FWDLHTBMGQEUDU-OGFXRTJISA-M,O=C([O][Na])[C@H](O)c1ccccc1,"Experimental, Table 1",2
acs.oprd.6b00231,OPRD-100,GXTZAIGFWQRDSQ-INIZCTEOSA-N,O=[N+]([O-])c1ccc(CCNC[C@H](O)c2ccccc2)cc1,"Experimental, Scheme 1, Scheme 2",3
acs.oprd.6b00231,OPRD-100,PBAPPPCECJKMCM-IBGZPJMESA-N,Nc1nc(CC(=O)Nc2ccc(CCNC[C@H](O)c3ccccc3)cc2)cs1,"Scheme 1, Scheme 2",2
acs.oprd.6b00231,OPRD-100,TUAHDMSPHZSMQN-INIZCTEOSA-N,Nc1ccc(CCNC[C@H](O)c2ccccc2)cc1,Scheme 2,1
acs.oprd.6b00231,OPRD-100,VEXZGXHMUGYJMC-UHFFFAOYSA-N,Cl,Scheme 2,1
op050024w,OPRD-100,BJQJPTJDNINOMT-UHFFFAOYSA-N,COC(=O)CC(c1ccccc1)c1cc(C)ccc1OC,Scheme 1,1
op050024w,OPRD-100,CCXFTVHDCYNKJH-UHFFFAOYSA-N,COc1ccc(C)cc1C(CCN(C(C)C)C(C)C)c1ccccc1,Scheme 1,1
op050024w,OPRD-100,FIZAFHHVQRJZII-UHFFFAOYSA-N,CCN(CCC(c1ccccc1)c1cc(C)ccc1OC)C(C)C,Scheme 1,1
op050024w,OPRD-100,OCGTUTJXBDQGKL-TXDDHSHZSA-N,[3H]OCCC(c1ccccc1)c1cc(C)ccc1OC,Scheme 1,1
op050024w,OPRD-100,OCGTUTJXBDQGKL-UHFFFAOYSA-N,COc1ccc(C)cc1C(CCO)c1ccccc1,Scheme 1,1
op4000384,OPRD-100,VUPNNMWQVBUGMU-KPJROHGDSA-N,CC[C@@H](/C=C/I)OC(C)=O,"Table 3, entry 1, Table 3, entry 2, Table 3, entry 3, Table 3, entry 4, Table 3, entry 5, Table 4, entry 1, Table 4, entry 2, Table 4, entry 3, Table 4, entry 4, Table 4, entry 5, Table 5, entry 1, Table 5, entry 10, Table 5, entry 2, Table 5, entry 3, Table 5, entry 4, Table 5, entry 5, Table 5, entry 6, Table 5, entry 7, Table 5, entry 8, Table 5, entry 9",20
acs.oprd.3c00507,OPRD-100,FVXKCIKILKBMSS-VQCXBBAWSA-N,C[C@@H](C1CC1)N1C[C@@]23C=C(Br)[C@@H](O2)[C@H](Br)[C@H]3C1=O,Scheme 3,1
acs.oprd.3c00507,OPRD-100,MTJNOKCVDGUTKR-ZETCQYMHSA-O,C[C@H]([NH2+]Cc1cc(Br)co1)C1CC1,Scheme 2,1
acs.oprd.3c00507,OPRD-100,NPJHLYBKEYDQFH-QMMMGPOBSA-N,C[C@H](NCC1=CC(Br)=CC1)C1CC1,Experimental,1
acs.oprd.3c00507,OPRD-100,VEXZGXHMUGYJMC-UHFFFAOYSA-M,[Cl-],Scheme 2,1
acs.oprd.3c00056,OPRD-100,AQURFXLIZXOCLU-UHFFFAOYSA-O,COc1ccc(CN[NH3+])cc1,Scheme 3,1
acs.oprd.3c00056,OPRD-100,BUDSDMNAGPWSFE-UHFFFAOYSA-N,CCOC(=O)c1cnn(-c2ccc(OC)cc2)c1N,"Scheme 3, Table 1",2
acs.oprd.3c00056,OPRD-100,CQIMWAJPUUIAJB-UHFFFAOYSA-N,COc1ccc(-n2ncc3c(Cl)cc(Cl)nc32)cc1,"Scheme 3, Table 3",2
acs.oprd.3c00056,OPRD-100,FZNBWLGOSRLBBH-UHFFFAOYSA-N,COc1ccc(-n2ncc3c(O)cc(O)nc32)cc1,"Scheme 3, Table 2, Table 3",3
acs.oprd.3c00056,OPRD-100,JANFFPLNOJIDFX-UHFFFAOYSA-N,COc1ccc(-n2nccc2N=C2C(=O)OC(C)(C)OC2=O)cc1,Scheme 1,1
acs.oprd.3c00056,OPRD-100,LQSYMXVVGAYEOO-UHFFFAOYSA-N,CCOC(=O)C1C(=O)Nc2c(cnn2-c2ccc(OC)cc2)C1=O,"Table 1, Table 2",2
acs.oprd.3c00056,OPRD-100,MIAZTHGDTRHMFB-UHFFFAOYSA-N,COc1ccc(-n2ncc3c(Cl)ccnc32)cc1,Scheme 1,1
acs.oprd.3c00056,OPRD-100,VEXZGXHMUGYJMC-UHFFFAOYSA-M,[Cl-],Scheme 3,1
acs.oprd.3c00056,OPRD-100,ZJKQCWSQSIFTTQ-UHFFFAOYSA-N,COc1ccc(-n2nccc2N)cc1,Scheme 1,1
acs.oprd.3c00056,OPRD-100,ZPABYHRIWLJFCQ-UHFFFAOYSA-N,COc1ccc(-n2ncc3c(O)ccnc32)cc1,Scheme 1,1
acs.oprd.2c00132,OPRD-100,QAOWNCQODCNURD-UHFFFAOYSA-M,O=S(=O)([O-])O,"Figure 1 and Table 1, Figure 2 AND Table 2 AND Table 3 AND Experimental",2
acs.oprd.2c00132,OPRD-100,VEQOALNAAJBPNY-UHFFFAOYSA-O,CC1=CC(=O)N(c2ccccc2)[NH+]1C,"Figure 1 and Table 1, Figure 2 AND Table 2 AND Table 3 AND Experimental",2
acs.oprd.6b00207,OPRD-100,ZYJPUMXJBDHSIF-UHFFFAOYSA-N,CC(C)(C)OC(=O)NC(Cc1ccccc1)C(=O)O,Experimental,1
op034060b,OPRD-100,HPYSKHIIJMHBFN-XDOYNYLZSA-N,C/C(=C/CC(C)C)OP(Br)(c1ccccc1)(c1ccccc1)c1ccccc1,Scheme 4,1
op034060b,OPRD-100,VKNUORWMCINMRB-UHFFFAOYSA-N,CCOC(=O)CC(O)C(=O)OCC,Scheme 3,1
op034060b,OPRD-100,WZHNNRCCJWEUMU-UHFFFAOYSA-N,O=C1c2ccccc2C(Cl)N1c1ccc2ccc(Cl)nc2n1,Scheme 1,1
op034060b,OPRD-100,XOZDDCDGCQEDRC-UHFFFAOYSA-N,O=C1c2ccccc2C(=O)N1c1ccc2ccc(Cl)nc2n1,"Experimental, Scheme 3",2
acs.oprd.1c00312,OPRD-100,DTQVDTLACAAQTR-UHFFFAOYSA-M,O=C([O-])C(F)(F)F,Figure 3,1
acs.oprd.1c00312,OPRD-100,FQNUZYOYCLFZHV-WOJBJXKFSA-O,F[C@@H]1CCCC[C@H]1[NH+](Cc1ccccc1)Cc1ccccc1,Figure 3,1
acs.oprd.4c00243,OPRD-100,DQKSQWJTMAVUFZ-UHFFFAOYSA-N,CCOP1(F)=NP(F)(F)=NP(OCC)(OCC)=N1,Scheme 4 AND Table 2,1
acs.oprd.4c00319,OPRD-100,BLFLLBZGZJTVJG-UHFFFAOYSA-N,CCOC(=O)c1ccc(N)cc1,"Scheme 1, Scheme 2",2
acs.oprd.4c00319,OPRD-100,IVLIBVDZIYFXBZ-UHFFFAOYSA-N,C1CN(CC2CC2)CCN1,Scheme 2,1
acs.oprd.4c00319,OPRD-100,MDMNZEBGJJCHGP-UHFFFAOYSA-N,CCOC(=O)c1ccc(NS(=O)(=O)c2cccc3cccnc23)cc1,"Scheme 1, Scheme 2",2
acs.oprd.4c00319,OPRD-100,XLYOFNOQVPJJNP-UHFFFAOYSA-N,O,Experimental,1
acs.oprd.5b00007,OPRD-100,HPJMACSDUORKRV-UHFFFAOYSA-N,CSCc1ccc(C(F)(F)F)nc1,Scheme 1,1
acs.oprd.5b00007,OPRD-100,JEHUUIUSUGPXRN-UHFFFAOYSA-N,C/S(Cc1ccc(C(F)(F)F)nc1)=N\C#N,Scheme 1,1
acs.oprd.5b00007,OPRD-100,PRPAYPBERKUDKO-UHFFFAOYSA-N,FC(F)(F)c1ccc(CCl)cn1,Scheme 1,1
acs.oprd.5b00007,OPRD-100,VVBMTQPMVKAFQB-UHFFFAOYSA-N,CC(c1ccc(C(F)(F)F)nc1)[S+](C)[O-],Scheme 5,1
acs.oprd.5b00007,OPRD-100,XMEGDAGGGYFBNY-UHFFFAOYSA-N,CS(=O)(Cc1ccc(C(F)(F)F)nc1)=NC#N,Scheme 1,1
acs.oprd.6b00108,OPRD-100,JIWHIRLNKIUYSM-UHFFFAOYSA-N,Cc1cccc(N2CCNCC2)c1,Scheme 3,1
acs.oprd.6b00108,OPRD-100,MTVYCJRTXNTIGS-UHFFFAOYSA-N,C=C(c1ccccc1)n1c(=O)[nH]c2ccccc21,Scheme 1,1
acs.oprd.6b00108,OPRD-100,NIPSDFLVPSDHCZ-UHFFFAOYSA-N,C=C(c1ccccc1)n1c(=O)n(CCCl)c2ccccc21,Scheme 1,1
acs.oprd.6b00108,OPRD-100,SFTJKCPNRHYWEO-UHFFFAOYSA-N,O=c1[nH]c2ccccc2n1CCCl,Scheme 1,1
op5001644,OPRD-100,FCXVPZVPCSJJMY-GOSISDBHSA-N,COC(=O)C[C@@H](O)CN(Cc1ccccc1)Cc1ccccc1,Experimental,1
op5001644,OPRD-100,VRBKUWTXCBJWHS-SSDOTTSWSA-N,COC(=O)CCO[C@@H](CN)CC(=O)OC,"Experimental, Scheme 2",2
op5001644,OPRD-100,YIFYCVKJHFODFI-QZMUEMGWSA-N,COC(=O)/C=C/O[C@H](CC(=O)OC)CN(Cc1ccccc1)Cc1ccccc1,"Experimental, Scheme 2",2
op020058t,OPRD-100,CAGZFDUVHBQWBO-NXVVXOECSA-N,Clc1cccc(/N=N\c2ccccc2Cl)c1,Table 2,1
op020058t,OPRD-100,CBYAZOKPJYBCHE-UHFFFAOYSA-N,O=[N+]([O-])c1cccc(I)c1,"Scheme 1, Table 2",2
op020058t,OPRD-100,CRKFDNIDXARGCT-NXVVXOECSA-N,Ic1cccc(/N=N\c2ccccc2I)c1,Table 2,1
op020058t,OPRD-100,GRWXCTMEYYYJQZ-FOCLMDBBSA-N,[O-]/[N+](=N/c1cccc(I)c1)c1cccc(I)c1,Scheme 1,1
op020058t,OPRD-100,HXXLSGNPKGNGBC-FOCLMDBBSA-N,[O-]/[N+](=N/c1cccc(Cl)c1)c1ccccc1Cl,Table 2,1
op020058t,OPRD-100,LPXPTNMVRIOKMN-UHFFFAOYSA-M,O=N[O][Na],Scheme 2,1
op020058t,OPRD-100,LQNUZADURLCDLV-UHFFFAOYSA-N,O=[N+]([O-])c1ccccc1,"Scheme 1, Scheme 2, Table 1, Table 2",4
op020058t,OPRD-100,MFJNOXOAIFNSBX-UHFFFAOYSA-N,COc1cccc(F)c1,"Scheme 1, Table 2",2
op020058t,OPRD-100,MXQZYTIZAQLMHT-NXVVXOECSA-N,Brc1cccc(/N=N\c2ccccc2Br)c1,Table 2,1
op020058t,OPRD-100,QDIRQJAMRZHEJB-FOCLMDBBSA-N,[O-]/[N+](=N/c1cccc(Br)c1)c1ccccc1Br,Table 2,1
op020058t,OPRD-100,RSHBAGGASAJQCH-UHFFFAOYSA-N,COc1cccc(I)c1,"Scheme 1, Table 2",2
op020058t,OPRD-100,SXCDGVDBGGCCLV-FOCLMDBBSA-N,[O-]/[N+](=N/c1cccc(Cl)c1)c1cccc(Cl)c1,"Scheme 1, Scheme 2",2
op020058t,OPRD-100,VEVQNDVHZNOSHX-NXVVXOECSA-N,Brc1cccc(/N=N\c2cccc(Br)c2)c1,"Scheme 1, Scheme 2, Table 1",3
op020058t,OPRD-100,ZAUXEPYLONOZEK-NXVVXOECSA-N,Clc1cccc(/N=N\c2cccc(Cl)c2)c1,"Scheme 1, Scheme 2",2
op020058t,OPRD-100,ZJOZUCVPNIVCJN-FOCLMDBBSA-N,[O-]/[N+](=N/c1cccc(Br)c1)c1cccc(Br)c1,"Scheme 1, Scheme 2, Table 1",3
op025546f,OPRD-100,CTLWPLGCFIRPSV-UHFFFAOYSA-L,[Cl][Zn-2][Cl],"Experimental, Scheme 1",2
op025546f,OPRD-100,ODGCEQLVLXJUCC-UHFFFAOYSA-N,F[B-](F)(F)F,"Experimental, Scheme 1, Scheme 2",3
op025546f,OPRD-100,WKEVQBKGDRLNDQ-UHFFFAOYSA-N,COc1cc([N+](=O)[O-])ccc1-c1ccco1,"Experimental, Scheme 2",2
op0341420,OPRD-100,IUDKTVXSXWAKJO-UHFFFAOYSA-N,CCOC(=O)Cc1ccccn1,Scheme 4,1
op0341420,OPRD-100,LRFWYBZWRQWZIM-UHFFFAOYSA-N,NCc1ccccc1F,"Experimental, Scheme 2, Scheme 3",3
op0341420,OPRD-100,POLXLLIQWDBJMD-UHFFFAOYSA-M,O=C([O-])c1ccncc1F,Scheme 3,1
op0341420,OPRD-100,UEQIOIGGEPWPMI-UHFFFAOYSA-N,[N-]=[N+]=NCC(F)(F)c1ccccn1,Scheme 4,1
op0499122,OPRD-100,NUTLHWPEYBJHML-UHFFFAOYSA-N,CC(C)(C)OC(=O)N1CC(=O)C(=CN)C1,Scheme 1,1
op0499122,OPRD-100,PYEZEVQHRPOKSL-UHFFFAOYSA-N,CC(C)(C)OC(=O)NC=C1CN(C(=O)OC(C)(C)C)CC1=O,Scheme 1,1
op0499122,OPRD-100,QPBOYTCMSYULGM-LDADJPATSA-N,CO/N=C1\CN(C(=O)OC(C)(C)C)CC1CNC(=O)OC(C)(C)C,Scheme 1,1
op0499122,OPRD-100,QPBOYTCMSYULGM-UHFFFAOYSA-N,CON=C1CN(C(=O)OC(C)(C)C)CC1CNC(=O)OC(C)(C)C,Scheme 1,1
op0499122,OPRD-100,RKUQLKRPWWYRIG-UHFFFAOYSA-N,CC(C)(C)OC(=O)N1CC(=O)C(C#N)C1,Scheme 1,1
op0499122,OPRD-100,UXKMYLZTGJCBKD-UHFFFAOYSA-N,CC(C)(C)OC(=O)NCC1CN(C(=O)OC(C)(C)C)CC1=O,Scheme 1,1
op050223f,OPRD-100,QJPJQTDYNZXKQF-UHFFFAOYSA-N,COc1ccc(Br)cc1,"Experimental, Scheme 1",2
op5003215,OPRD-100,DVIBDQWVFHDBOP-SNVBAGLBSA-N,CCOC(=O)C[C@@H](O)c1ccccc1,"Table 1, entry 3",1
op100138t,OPRD-100,OVUQXFGYEZPVBX-SWZMTVOYSA-N,CN[C@H]1CC[C@]2(CC1)OC(=O)c1ccncc12,Experimental,1
op4001687,OPRD-100,QXQHJZHXVRWCOV-UHFFFAOYSA-N,CCCCOC(=O)C(=O)NC(C)C(=O)O,Experimental,1
op4001687,OPRD-100,QXQHJZHXVRWCOV-ZCFIWIBFSA-N,CCCCOC(=O)C(=O)N[C@H](C)C(=O)O,"Experimental, Figure 2, Scheme 2, Scheme 3, Scheme 6",5
op3002728,OPRD-100,CAWHJQAVHZEVTJ-UHFFFAOYSA-N,Cc1cnccn1,Scheme 2,1
op3002728,OPRD-100,FAPWRFPIFSIZLT-UHFFFAOYSA-M,[Na][Cl],"Scheme 1, Scheme 5",2
op3002728,OPRD-100,GFHPSQFCHUIFTO-UHFFFAOYSA-N,ClCc1cnccn1,Scheme 2,1
op3002728,OPRD-100,HPYCOEHAQNLFFP-UHFFFAOYSA-N,C#CCN(Cc1cnccn1)C(=O)OCC,Scheme 2,1
op3002728,OPRD-100,MRTAVLDNYYEJHK-UHFFFAOYSA-M,O=C([O][Na])C(F)(F)Cl,Scheme 3,1
op3002728,OPRD-100,NXDYQBHSITTWJS-UHFFFAOYSA-N,CCOC(=O)N1Cc2ccncc2C1,Scheme 2,1
op3002728,OPRD-100,PCBKEVNPKSZQFU-UHFFFAOYSA-N,CCOC(=O)N1Cc2cccnc2C1,Scheme 2,1
op3002728,OPRD-100,XGGHCMUJAUKPIJ-UHFFFAOYSA-N,C#CCNC(=O)OCC,Scheme 2,1
op4002824,OPRD-100,XLYOFNOQVPJJNP-UHFFFAOYSA-N,O,"Experimental, Table 6, entry 1, Table 6, entry 10, Table 6, entry 2, Table 6, entry 3, Table 6, entry 4, Table 6, entry 5, Table 6, entry 6, Table 6, entry 7, Table 6, entry 8, Table 6, entry 9",11
op4002824,OPRD-100,ZNNZYHKDIALBAK-UHFFFAOYSA-M,N#C[S][K],"Experimental, Scheme 9, Table 4, entry 1, Table 4, entry 2, Table 4, entry 3, Table 4, entry 4, Table 4, entry 5, Table 4, entry 6, Table 4, entry 7",9
op9000725,OPRD-100,ZLMJMSJWJFRBEC-UHFFFAOYSA-N,[K],"Table 1 and Experimental, Table 2 and Experimental, Table 4 and Experimental",3
op100267p,OPRD-100,CSCPPACGZOOCGX-UHFFFAOYSA-N,CC(C)=O,Scheme 3 and text,1
op2000699,OPRD-100,CHMWIAHMSOASPM-UHFFFAOYSA-N,COc1cc(Cl)c(C(=O)O)cc1OC,Scheme 4,1
op2000699,OPRD-100,XLYOFNOQVPJJNP-UHFFFAOYSA-N,O,"Experimental, Scheme 1",2
